INSERT INTO REGION(ID, NAME, DATE_UPDATED, DATE_ADDED) VALUES (1, 'LATAM', strftime('%Y-%m-%d %H:%M:%f','now', 'localtime'), strftime('%Y-%m-%d %H:%M:%f','now', 'localtime'));
INSERT INTO REGION(ID, NAME, DATE_UPDATED, DATE_ADDED) VALUES (2, 'EAST', strftime('%Y-%m-%d %H:%M:%f','now', 'localtime'), strftime('%Y-%m-%d %H:%M:%f','now', 'localtime'));
INSERT INTO REGION(ID, NAME, DATE_UPDATED, DATE_ADDED) VALUES (3, 'WEST', strftime('%Y-%m-%d %H:%M:%f','now', 'localtime'), strftime('%Y-%m-%d %H:%M:%f','now', 'localtime'));
INSERT INTO REGION(ID, NAME, DATE_UPDATED, DATE_ADDED) VALUES (4, 'CENTRAL', strftime('%Y-%m-%d %H:%M:%f','now', 'localtime'), strftime('%Y-%m-%d %H:%M:%f','now', 'localtime'));
INSERT INTO REGION(ID, NAME, DATE_UPDATED, DATE_ADDED) VALUES (5, 'EMEA', strftime('%Y-%m-%d %H:%M:%f','now', 'localtime'), strftime('%Y-%m-%d %H:%M:%f','now', 'localtime'));
INSERT INTO REGION(ID, NAME, DATE_UPDATED, DATE_ADDED) VALUES (6, 'APAC', strftime('%Y-%m-%d %H:%M:%f','now', 'localtime'), strftime('%Y-%m-%d %H:%M:%f','now', 'localtime'));

INSERT INTO OFFICE(ID, REGION_ID, NAME, DATE_UPDATED, DATE_ADDED) VALUES (1, 1, 'BUE', strftime('%Y-%m-%d %H:%M:%f','now', 'localtime'), strftime('%Y-%m-%d %H:%M:%f','now', 'localtime'));
INSERT INTO OFFICE(ID, REGION_ID, NAME, DATE_UPDATED, DATE_ADDED) VALUES (2, 1, 'SAO', strftime('%Y-%m-%d %H:%M:%f','now', 'localtime'), strftime('%Y-%m-%d %H:%M:%f','now', 'localtime'));
INSERT INTO OFFICE(ID, REGION_ID, NAME, DATE_UPDATED, DATE_ADDED) VALUES (3, 1, 'BRA', strftime('%Y-%m-%d %H:%M:%f','now', 'localtime'), strftime('%Y-%m-%d %H:%M:%f','now', 'localtime'));
INSERT INTO OFFICE(ID, REGION_ID, NAME, DATE_UPDATED, DATE_ADDED) VALUES (4, 1, 'MEX', strftime('%Y-%m-%d %H:%M:%f','now', 'localtime'), strftime('%Y-%m-%d %H:%M:%f','now', 'localtime'));
INSERT INTO OFFICE(ID, REGION_ID, NAME, DATE_UPDATED, DATE_ADDED) VALUES (5, 1, 'BOG', strftime('%Y-%m-%d %H:%M:%f','now', 'localtime'), strftime('%Y-%m-%d %H:%M:%f','now', 'localtime'));
INSERT INTO OFFICE(ID, REGION_ID, NAME, DATE_UPDATED, DATE_ADDED) VALUES (6, 1, 'MIA', strftime('%Y-%m-%d %H:%M:%f','now', 'localtime'), strftime('%Y-%m-%d %H:%M:%f','now', 'localtime'));
INSERT INTO OFFICE(ID, REGION_ID, NAME, DATE_UPDATED, DATE_ADDED) VALUES (7, 2, 'FRC', strftime('%Y-%m-%d %H:%M:%f','now', 'localtime'), strftime('%Y-%m-%d %H:%M:%f','now', 'localtime'));
INSERT INTO OFFICE(ID, REGION_ID, NAME, DATE_UPDATED, DATE_ADDED) VALUES (8, 2, 'ATN', strftime('%Y-%m-%d %H:%M:%f','now', 'localtime'), strftime('%Y-%m-%d %H:%M:%f','now', 'localtime'));
INSERT INTO OFFICE(ID, REGION_ID, NAME, DATE_UPDATED, DATE_ADDED) VALUES (9, 2, 'CHI', strftime('%Y-%m-%d %H:%M:%f','now', 'localtime'), strftime('%Y-%m-%d %H:%M:%f','now', 'localtime'));
INSERT INTO OFFICE(ID, REGION_ID, NAME, DATE_UPDATED, DATE_ADDED) VALUES (10, 2, 'BIR', strftime('%Y-%m-%d %H:%M:%f','now', 'localtime'), strftime('%Y-%m-%d %H:%M:%f','now', 'localtime'));
INSERT INTO OFFICE(ID, REGION_ID, NAME, DATE_UPDATED, DATE_ADDED) VALUES (11, 2, 'WAS', strftime('%Y-%m-%d %H:%M:%f','now', 'localtime'), strftime('%Y-%m-%d %H:%M:%f','now', 'localtime'));
INSERT INTO OFFICE(ID, REGION_ID, NAME, DATE_UPDATED, DATE_ADDED) VALUES (12, 2, 'ASH', strftime('%Y-%m-%d %H:%M:%f','now', 'localtime'), strftime('%Y-%m-%d %H:%M:%f','now', 'localtime'));
INSERT INTO OFFICE(ID, REGION_ID, NAME, DATE_UPDATED, DATE_ADDED) VALUES (13, 2, 'ATL', strftime('%Y-%m-%d %H:%M:%f','now', 'localtime'), strftime('%Y-%m-%d %H:%M:%f','now', 'localtime'));
INSERT INTO OFFICE(ID, REGION_ID, NAME, DATE_UPDATED, DATE_ADDED) VALUES (14, 2, 'TOR', strftime('%Y-%m-%d %H:%M:%f','now', 'localtime'), strftime('%Y-%m-%d %H:%M:%f','now', 'localtime'));
INSERT INTO OFFICE(ID, REGION_ID, NAME, DATE_UPDATED, DATE_ADDED) VALUES (15, 2, 'OTT', strftime('%Y-%m-%d %H:%M:%f','now', 'localtime'), strftime('%Y-%m-%d %H:%M:%f','now', 'localtime'));
INSERT INTO OFFICE(ID, REGION_ID, NAME, DATE_UPDATED, DATE_ADDED) VALUES (16, 2, 'BOS', strftime('%Y-%m-%d %H:%M:%f','now', 'localtime'), strftime('%Y-%m-%d %H:%M:%f','now', 'localtime'));
INSERT INTO OFFICE(ID, REGION_ID, NAME, DATE_UPDATED, DATE_ADDED) VALUES (17, 2, 'MTL', strftime('%Y-%m-%d %H:%M:%f','now', 'localtime'), strftime('%Y-%m-%d %H:%M:%f','now', 'localtime'));
INSERT INTO OFFICE(ID, REGION_ID, NAME, DATE_UPDATED, DATE_ADDED) VALUES (18, 2, 'NYC', strftime('%Y-%m-%d %H:%M:%f','now', 'localtime'), strftime('%Y-%m-%d %H:%M:%f','now', 'localtime'));
INSERT INTO OFFICE(ID, REGION_ID, NAME, DATE_UPDATED, DATE_ADDED) VALUES (19, 2, 'NYC36', strftime('%Y-%m-%d %H:%M:%f','now', 'localtime'), strftime('%Y-%m-%d %H:%M:%f','now', 'localtime'));
INSERT INTO OFFICE(ID, REGION_ID, NAME, DATE_UPDATED, DATE_ADDED) VALUES (20, 3, 'SEA', strftime('%Y-%m-%d %H:%M:%f','now', 'localtime'), strftime('%Y-%m-%d %H:%M:%f','now', 'localtime'));
INSERT INTO OFFICE(ID, REGION_ID, NAME, DATE_UPDATED, DATE_ADDED) VALUES (21, 3, 'LAX', strftime('%Y-%m-%d %H:%M:%f','now', 'localtime'), strftime('%Y-%m-%d %H:%M:%f','now', 'localtime'));
INSERT INTO OFFICE(ID, REGION_ID, NAME, DATE_UPDATED, DATE_ADDED) VALUES (22, 3, 'WOOD', strftime('%Y-%m-%d %H:%M:%f','now', 'localtime'), strftime('%Y-%m-%d %H:%M:%f','now', 'localtime'));
INSERT INTO OFFICE(ID, REGION_ID, NAME, DATE_UPDATED, DATE_ADDED) VALUES (23, 3, 'PRN', strftime('%Y-%m-%d %H:%M:%f','now', 'localtime'), strftime('%Y-%m-%d %H:%M:%f','now', 'localtime'));
INSERT INTO OFFICE(ID, REGION_ID, NAME, DATE_UPDATED, DATE_ADDED) VALUES (24, 3, 'MTV', strftime('%Y-%m-%d %H:%M:%f','now', 'localtime'), strftime('%Y-%m-%d %H:%M:%f','now', 'localtime'));
INSERT INTO OFFICE(ID, REGION_ID, NAME, DATE_UPDATED, DATE_ADDED) VALUES (25, 3, 'DEN', strftime('%Y-%m-%d %H:%M:%f','now', 'localtime'), strftime('%Y-%m-%d %H:%M:%f','now', 'localtime'));
INSERT INTO OFFICE(ID, REGION_ID, NAME, DATE_UPDATED, DATE_ADDED) VALUES (26, 3, 'YUM', strftime('%Y-%m-%d %H:%M:%f','now', 'localtime'), strftime('%Y-%m-%d %H:%M:%f','now', 'localtime'));
INSERT INTO OFFICE(ID, REGION_ID, NAME, DATE_UPDATED, DATE_ADDED) VALUES (27, 4, 'ATX300', strftime('%Y-%m-%d %H:%M:%f','now', 'localtime'), strftime('%Y-%m-%d %H:%M:%f','now', 'localtime'));
INSERT INTO OFFICE(ID, REGION_ID, NAME, DATE_UPDATED, DATE_ADDED) VALUES (28, 4, 'ATX600', strftime('%Y-%m-%d %H:%M:%f','now', 'localtime'), strftime('%Y-%m-%d %H:%M:%f','now', 'localtime'));
INSERT INTO OFFICE(ID, REGION_ID, NAME, DATE_UPDATED, DATE_ADDED) VALUES (29, 4, 'DAL5956', strftime('%Y-%m-%d %H:%M:%f','now', 'localtime'), strftime('%Y-%m-%d %H:%M:%f','now', 'localtime'));
INSERT INTO OFFICE(ID, REGION_ID, NAME, DATE_UPDATED, DATE_ADDED) VALUES (30, 4, 'DAL8750', strftime('%Y-%m-%d %H:%M:%f','now', 'localtime'), strftime('%Y-%m-%d %H:%M:%f','now', 'localtime'));
INSERT INTO OFFICE(ID, REGION_ID, NAME, DATE_UPDATED, DATE_ADDED) VALUES (31, 4, 'FTW', strftime('%Y-%m-%d %H:%M:%f','now', 'localtime'), strftime('%Y-%m-%d %H:%M:%f','now', 'localtime'));
INSERT INTO OFFICE(ID, REGION_ID, NAME, DATE_UPDATED, DATE_ADDED) VALUES (32, 5, 'AMST', strftime('%Y-%m-%d %H:%M:%f','now', 'localtime'), strftime('%Y-%m-%d %H:%M:%f','now', 'localtime'));
INSERT INTO OFFICE(ID, REGION_ID, NAME, DATE_UPDATED, DATE_ADDED) VALUES (33, 5, 'BER', strftime('%Y-%m-%d %H:%M:%f','now', 'localtime'), strftime('%Y-%m-%d %H:%M:%f','now', 'localtime'));
INSERT INTO OFFICE(ID, REGION_ID, NAME, DATE_UPDATED, DATE_ADDED) VALUES (34, 5, 'BRU', strftime('%Y-%m-%d %H:%M:%f','now', 'localtime'), strftime('%Y-%m-%d %H:%M:%f','now', 'localtime'));
INSERT INTO OFFICE(ID, REGION_ID, NAME, DATE_UPDATED, DATE_ADDED) VALUES (35, 5, 'DUBL', strftime('%Y-%m-%d %H:%M:%f','now', 'localtime'), strftime('%Y-%m-%d %H:%M:%f','now', 'localtime'));
INSERT INTO OFFICE(ID, REGION_ID, NAME, DATE_UPDATED, DATE_ADDED) VALUES (36, 5, 'HAM', strftime('%Y-%m-%d %H:%M:%f','now', 'localtime'), strftime('%Y-%m-%d %H:%M:%f','now', 'localtime'));
INSERT INTO OFFICE(ID, REGION_ID, NAME, DATE_UPDATED, DATE_ADDED) VALUES (37, 5, 'LON', strftime('%Y-%m-%d %H:%M:%f','now', 'localtime'), strftime('%Y-%m-%d %H:%M:%f','now', 'localtime'));
INSERT INTO OFFICE(ID, REGION_ID, NAME, DATE_UPDATED, DATE_ADDED) VALUES (38, 5, 'MADR', strftime('%Y-%m-%d %H:%M:%f','now', 'localtime'), strftime('%Y-%m-%d %H:%M:%f','now', 'localtime'));
INSERT INTO OFFICE(ID, REGION_ID, NAME, DATE_UPDATED, DATE_ADDED) VALUES (39, 5, 'MIL', strftime('%Y-%m-%d %H:%M:%f','now', 'localtime'), strftime('%Y-%m-%d %H:%M:%f','now', 'localtime'));
INSERT INTO OFFICE(ID, REGION_ID, NAME, DATE_UPDATED, DATE_ADDED) VALUES (40, 5, 'PAR', strftime('%Y-%m-%d %H:%M:%f','now', 'localtime'), strftime('%Y-%m-%d %H:%M:%f','now', 'localtime'));
INSERT INTO OFFICE(ID, REGION_ID, NAME, DATE_UPDATED, DATE_ADDED) VALUES (41, 5, 'STO', strftime('%Y-%m-%d %H:%M:%f','now', 'localtime'), strftime('%Y-%m-%d %H:%M:%f','now', 'localtime'));
INSERT INTO OFFICE(ID, REGION_ID, NAME, DATE_UPDATED, DATE_ADDED) VALUES (42, 5, 'WAR', strftime('%Y-%m-%d %H:%M:%f','now', 'localtime'), strftime('%Y-%m-%d %H:%M:%f','now', 'localtime'));
INSERT INTO OFFICE(ID, REGION_ID, NAME, DATE_UPDATED, DATE_ADDED) VALUES (43, 6, 'AUCK', strftime('%Y-%m-%d %H:%M:%f','now', 'localtime'), strftime('%Y-%m-%d %H:%M:%f','now', 'localtime'));
INSERT INTO OFFICE(ID, REGION_ID, NAME, DATE_UPDATED, DATE_ADDED) VALUES (44, 6, 'DUB', strftime('%Y-%m-%d %H:%M:%f','now', 'localtime'), strftime('%Y-%m-%d %H:%M:%f','now', 'localtime'));
INSERT INTO OFFICE(ID, REGION_ID, NAME, DATE_UPDATED, DATE_ADDED) VALUES (45, 6, 'HK', strftime('%Y-%m-%d %H:%M:%f','now', 'localtime'), strftime('%Y-%m-%d %H:%M:%f','now', 'localtime'));
INSERT INTO OFFICE(ID, REGION_ID, NAME, DATE_UPDATED, DATE_ADDED) VALUES (46, 6, 'HYD', strftime('%Y-%m-%d %H:%M:%f','now', 'localtime'), strftime('%Y-%m-%d %H:%M:%f','now', 'localtime'));
INSERT INTO OFFICE(ID, REGION_ID, NAME, DATE_UPDATED, DATE_ADDED) VALUES (47, 6, 'MELB', strftime('%Y-%m-%d %H:%M:%f','now', 'localtime'), strftime('%Y-%m-%d %H:%M:%f','now', 'localtime'));
INSERT INTO OFFICE(ID, REGION_ID, NAME, DATE_UPDATED, DATE_ADDED) VALUES (48, 6, 'ND', strftime('%Y-%m-%d %H:%M:%f','now', 'localtime'), strftime('%Y-%m-%d %H:%M:%f','now', 'localtime'));
INSERT INTO OFFICE(ID, REGION_ID, NAME, DATE_UPDATED, DATE_ADDED) VALUES (49, 6, 'SEL', strftime('%Y-%m-%d %H:%M:%f','now', 'localtime'), strftime('%Y-%m-%d %H:%M:%f','now', 'localtime'));
INSERT INTO OFFICE(ID, REGION_ID, NAME, DATE_UPDATED, DATE_ADDED) VALUES (50, 6, 'SEO', strftime('%Y-%m-%d %H:%M:%f','now', 'localtime'), strftime('%Y-%m-%d %H:%M:%f','now', 'localtime'));
INSERT INTO OFFICE(ID, REGION_ID, NAME, DATE_UPDATED, DATE_ADDED) VALUES (51, 6, 'MUM', strftime('%Y-%m-%d %H:%M:%f','now', 'localtime'), strftime('%Y-%m-%d %H:%M:%f','now', 'localtime'));
INSERT INTO OFFICE(ID, REGION_ID, NAME, DATE_UPDATED, DATE_ADDED) VALUES (52, 6, 'SIN', strftime('%Y-%m-%d %H:%M:%f','now', 'localtime'), strftime('%Y-%m-%d %H:%M:%f','now', 'localtime'));
INSERT INTO OFFICE(ID, REGION_ID, NAME, DATE_UPDATED, DATE_ADDED) VALUES (53, 6, 'SYD', strftime('%Y-%m-%d %H:%M:%f','now', 'localtime'), strftime('%Y-%m-%d %H:%M:%f','now', 'localtime'));
INSERT INTO OFFICE(ID, REGION_ID, NAME, DATE_UPDATED, DATE_ADDED) VALUES (54, 6, 'TOK', strftime('%Y-%m-%d %H:%M:%f','now', 'localtime'), strftime('%Y-%m-%d %H:%M:%f','now', 'localtime'));

INSERT INTO SERVICE(ID, OFFICE_ID, NAME, DATE_UPDATED, DATE_ADDED, STATUS) VALUES (1, 1, 'network HW standard', strftime('%Y-%m-%d %H:%M:%f','now', 'localtime'), strftime('%Y-%m-%d %H:%M:%f','now', 'localtime'), 'others');
INSERT INTO SERVICE(ID, OFFICE_ID, NAME, DATE_UPDATED, DATE_ADDED, STATUS) VALUES (2, 1, 'IDF standard', strftime('%Y-%m-%d %H:%M:%f','now', 'localtime'), strftime('%Y-%m-%d %H:%M:%f','now', 'localtime'), 'others');
INSERT INTO SERVICE(ID, OFFICE_ID, NAME, DATE_UPDATED, DATE_ADDED, STATUS) VALUES (3, 1, 'network bandwith', strftime('%Y-%m-%d %H:%M:%f','now', 'localtime'), strftime('%Y-%m-%d %H:%M:%f','now', 'localtime'), 'others');
INSERT INTO SERVICE(ID, OFFICE_ID, NAME, DATE_UPDATED, DATE_ADDED, STATUS) VALUES (4, 1, 'IT catalog', strftime('%Y-%m-%d %H:%M:%f','now', 'localtime'), strftime('%Y-%m-%d %H:%M:%f','now', 'localtime'), 'others');
INSERT INTO SERVICE(ID, OFFICE_ID, NAME, DATE_UPDATED, DATE_ADDED, STATUS) VALUES (5, 1, 'Room tools', strftime('%Y-%m-%d %H:%M:%f','now', 'localtime'), strftime('%Y-%m-%d %H:%M:%f','now', 'localtime'), 'others');
INSERT INTO SERVICE(ID, OFFICE_ID, NAME, DATE_UPDATED, DATE_ADDED, STATUS) VALUES (6, 1, 'Insights wall', strftime('%Y-%m-%d %H:%M:%f','now', 'localtime'), strftime('%Y-%m-%d %H:%M:%f','now', 'localtime'), 'others');
INSERT INTO SERVICE(ID, OFFICE_ID, NAME, DATE_UPDATED, DATE_ADDED, STATUS) VALUES (7, 1, 'Write on Me Wall', strftime('%Y-%m-%d %H:%M:%f','now', 'localtime'), strftime('%Y-%m-%d %H:%M:%f','now', 'localtime'), 'others');
INSERT INTO SERVICE(ID, OFFICE_ID, NAME, DATE_UPDATED, DATE_ADDED, STATUS) VALUES (8, 1, 'Vending Machine', strftime('%Y-%m-%d %H:%M:%f','now', 'localtime'), strftime('%Y-%m-%d %H:%M:%f','now', 'localtime'), 'others');
INSERT INTO SERVICE(ID, OFFICE_ID, NAME, DATE_UPDATED, DATE_ADDED, STATUS) VALUES (9, 1, 'WayFinder', strftime('%Y-%m-%d %H:%M:%f','now', 'localtime'), strftime('%Y-%m-%d %H:%M:%f','now', 'localtime'), 'others');
INSERT INTO SERVICE(ID, OFFICE_ID, NAME, DATE_UPDATED, DATE_ADDED, STATUS) VALUES (10, 1, 'HelpDesk', strftime('%Y-%m-%d %H:%M:%f','now', 'localtime'), strftime('%Y-%m-%d %H:%M:%f','now', 'localtime'), 'others');
INSERT INTO SERVICE(ID, OFFICE_ID, NAME, DATE_UPDATED, DATE_ADDED, STATUS) VALUES (11, 1, 'IT storage', strftime('%Y-%m-%d %H:%M:%f','now', 'localtime'), strftime('%Y-%m-%d %H:%M:%f','now', 'localtime'), 'others');
INSERT INTO SERVICE(ID, OFFICE_ID, NAME, DATE_UPDATED, DATE_ADDED, STATUS) VALUES (12, 1, 'AV/VC standards', strftime('%Y-%m-%d %H:%M:%f','now', 'localtime'), strftime('%Y-%m-%d %H:%M:%f','now', 'localtime'), 'others');
INSERT INTO SERVICE(ID, OFFICE_ID, NAME, DATE_UPDATED, DATE_ADDED, STATUS) VALUES (13, 1, 'VC density (>75%)', strftime('%Y-%m-%d %H:%M:%f','now', 'localtime'), strftime('%Y-%m-%d %H:%M:%f','now', 'localtime'), 'others');

INSERT INTO SERVICE(ID, OFFICE_ID, NAME, DATE_UPDATED, DATE_ADDED, STATUS) VALUES (14, 2, 'network HW standard', strftime('%Y-%m-%d %H:%M:%f','now', 'localtime'), strftime('%Y-%m-%d %H:%M:%f','now', 'localtime'), 'others');
INSERT INTO SERVICE(ID, OFFICE_ID, NAME, DATE_UPDATED, DATE_ADDED, STATUS) VALUES (15, 2, 'IDF standard', strftime('%Y-%m-%d %H:%M:%f','now', 'localtime'), strftime('%Y-%m-%d %H:%M:%f','now', 'localtime'), 'others');
INSERT INTO SERVICE(ID, OFFICE_ID, NAME, DATE_UPDATED, DATE_ADDED, STATUS) VALUES (16, 2, 'network bandwith', strftime('%Y-%m-%d %H:%M:%f','now', 'localtime'), strftime('%Y-%m-%d %H:%M:%f','now', 'localtime'), 'others');
INSERT INTO SERVICE(ID, OFFICE_ID, NAME, DATE_UPDATED, DATE_ADDED, STATUS) VALUES (17, 2, 'IT catalog', strftime('%Y-%m-%d %H:%M:%f','now', 'localtime'), strftime('%Y-%m-%d %H:%M:%f','now', 'localtime'), 'others');
INSERT INTO SERVICE(ID, OFFICE_ID, NAME, DATE_UPDATED, DATE_ADDED, STATUS) VALUES (18, 2, 'Room tools', strftime('%Y-%m-%d %H:%M:%f','now', 'localtime'), strftime('%Y-%m-%d %H:%M:%f','now', 'localtime'), 'others');
INSERT INTO SERVICE(ID, OFFICE_ID, NAME, DATE_UPDATED, DATE_ADDED, STATUS) VALUES (19, 2, 'Insights wall', strftime('%Y-%m-%d %H:%M:%f','now', 'localtime'), strftime('%Y-%m-%d %H:%M:%f','now', 'localtime'), 'others');
INSERT INTO SERVICE(ID, OFFICE_ID, NAME, DATE_UPDATED, DATE_ADDED, STATUS) VALUES (20, 2, 'Write on Me Wall', strftime('%Y-%m-%d %H:%M:%f','now', 'localtime'), strftime('%Y-%m-%d %H:%M:%f','now', 'localtime'), 'others');
INSERT INTO SERVICE(ID, OFFICE_ID, NAME, DATE_UPDATED, DATE_ADDED, STATUS) VALUES (21, 2, 'Vending Machine', strftime('%Y-%m-%d %H:%M:%f','now', 'localtime'), strftime('%Y-%m-%d %H:%M:%f','now', 'localtime'), 'others');
INSERT INTO SERVICE(ID, OFFICE_ID, NAME, DATE_UPDATED, DATE_ADDED, STATUS) VALUES (22, 2, 'WayFinder', strftime('%Y-%m-%d %H:%M:%f','now', 'localtime'), strftime('%Y-%m-%d %H:%M:%f','now', 'localtime'), 'others');
INSERT INTO SERVICE(ID, OFFICE_ID, NAME, DATE_UPDATED, DATE_ADDED, STATUS) VALUES (23, 2, 'HelpDesk', strftime('%Y-%m-%d %H:%M:%f','now', 'localtime'), strftime('%Y-%m-%d %H:%M:%f','now', 'localtime'), 'others');
INSERT INTO SERVICE(ID, OFFICE_ID, NAME, DATE_UPDATED, DATE_ADDED, STATUS) VALUES (24, 2, 'IT storage', strftime('%Y-%m-%d %H:%M:%f','now', 'localtime'), strftime('%Y-%m-%d %H:%M:%f','now', 'localtime'), 'others');
INSERT INTO SERVICE(ID, OFFICE_ID, NAME, DATE_UPDATED, DATE_ADDED, STATUS) VALUES (25, 2, 'AV/VC standards', strftime('%Y-%m-%d %H:%M:%f','now', 'localtime'), strftime('%Y-%m-%d %H:%M:%f','now', 'localtime'), 'others');
INSERT INTO SERVICE(ID, OFFICE_ID, NAME, DATE_UPDATED, DATE_ADDED, STATUS) VALUES (26, 2, 'VC density (>75%)', strftime('%Y-%m-%d %H:%M:%f','now', 'localtime'), strftime('%Y-%m-%d %H:%M:%f','now', 'localtime'), 'others');

INSERT INTO SERVICE(ID, OFFICE_ID, NAME, DATE_UPDATED, DATE_ADDED, STATUS) VALUES (27, 3, 'network HW standard', strftime('%Y-%m-%d %H:%M:%f','now', 'localtime'), strftime('%Y-%m-%d %H:%M:%f','now', 'localtime'), 'others');
INSERT INTO SERVICE(ID, OFFICE_ID, NAME, DATE_UPDATED, DATE_ADDED, STATUS) VALUES (28, 3, 'IDF standard', strftime('%Y-%m-%d %H:%M:%f','now', 'localtime'), strftime('%Y-%m-%d %H:%M:%f','now', 'localtime'), 'others');
INSERT INTO SERVICE(ID, OFFICE_ID, NAME, DATE_UPDATED, DATE_ADDED, STATUS) VALUES (29, 3, 'network bandwith', strftime('%Y-%m-%d %H:%M:%f','now', 'localtime'), strftime('%Y-%m-%d %H:%M:%f','now', 'localtime'), 'others');
INSERT INTO SERVICE(ID, OFFICE_ID, NAME, DATE_UPDATED, DATE_ADDED, STATUS) VALUES (30, 3, 'IT catalog', strftime('%Y-%m-%d %H:%M:%f','now', 'localtime'), strftime('%Y-%m-%d %H:%M:%f','now', 'localtime'), 'others');
INSERT INTO SERVICE(ID, OFFICE_ID, NAME, DATE_UPDATED, DATE_ADDED, STATUS) VALUES (31, 3, 'Room tools', strftime('%Y-%m-%d %H:%M:%f','now', 'localtime'), strftime('%Y-%m-%d %H:%M:%f','now', 'localtime'), 'others');
INSERT INTO SERVICE(ID, OFFICE_ID, NAME, DATE_UPDATED, DATE_ADDED, STATUS) VALUES (32, 3, 'Insights wall', strftime('%Y-%m-%d %H:%M:%f','now', 'localtime'), strftime('%Y-%m-%d %H:%M:%f','now', 'localtime'), 'others');
INSERT INTO SERVICE(ID, OFFICE_ID, NAME, DATE_UPDATED, DATE_ADDED, STATUS) VALUES (33, 3, 'Write on Me Wall', strftime('%Y-%m-%d %H:%M:%f','now', 'localtime'), strftime('%Y-%m-%d %H:%M:%f','now', 'localtime'), 'others');
INSERT INTO SERVICE(ID, OFFICE_ID, NAME, DATE_UPDATED, DATE_ADDED, STATUS) VALUES (34, 3, 'Vending Machine', strftime('%Y-%m-%d %H:%M:%f','now', 'localtime'), strftime('%Y-%m-%d %H:%M:%f','now', 'localtime'), 'others');
INSERT INTO SERVICE(ID, OFFICE_ID, NAME, DATE_UPDATED, DATE_ADDED, STATUS) VALUES (35, 3, 'WayFinder', strftime('%Y-%m-%d %H:%M:%f','now', 'localtime'), strftime('%Y-%m-%d %H:%M:%f','now', 'localtime'), 'others');
INSERT INTO SERVICE(ID, OFFICE_ID, NAME, DATE_UPDATED, DATE_ADDED, STATUS) VALUES (36, 3, 'HelpDesk', strftime('%Y-%m-%d %H:%M:%f','now', 'localtime'), strftime('%Y-%m-%d %H:%M:%f','now', 'localtime'), 'others');
INSERT INTO SERVICE(ID, OFFICE_ID, NAME, DATE_UPDATED, DATE_ADDED, STATUS) VALUES (37, 3, 'IT storage', strftime('%Y-%m-%d %H:%M:%f','now', 'localtime'), strftime('%Y-%m-%d %H:%M:%f','now', 'localtime'), 'others');
INSERT INTO SERVICE(ID, OFFICE_ID, NAME, DATE_UPDATED, DATE_ADDED, STATUS) VALUES (38, 3, 'AV/VC standards', strftime('%Y-%m-%d %H:%M:%f','now', 'localtime'), strftime('%Y-%m-%d %H:%M:%f','now', 'localtime'), 'others');
INSERT INTO SERVICE(ID, OFFICE_ID, NAME, DATE_UPDATED, DATE_ADDED, STATUS) VALUES (39, 3, 'VC density (>75%)', strftime('%Y-%m-%d %H:%M:%f','now', 'localtime'), strftime('%Y-%m-%d %H:%M:%f','now', 'localtime'), 'others');

INSERT INTO SERVICE(ID, OFFICE_ID, NAME, DATE_UPDATED, DATE_ADDED, STATUS) VALUES (40, 4, 'network HW standard', strftime('%Y-%m-%d %H:%M:%f','now', 'localtime'), strftime('%Y-%m-%d %H:%M:%f','now', 'localtime'), 'others');
INSERT INTO SERVICE(ID, OFFICE_ID, NAME, DATE_UPDATED, DATE_ADDED, STATUS) VALUES (41, 4, 'IDF standard', strftime('%Y-%m-%d %H:%M:%f','now', 'localtime'), strftime('%Y-%m-%d %H:%M:%f','now', 'localtime'), 'others');
INSERT INTO SERVICE(ID, OFFICE_ID, NAME, DATE_UPDATED, DATE_ADDED, STATUS) VALUES (42, 4, 'network bandwith', strftime('%Y-%m-%d %H:%M:%f','now', 'localtime'), strftime('%Y-%m-%d %H:%M:%f','now', 'localtime'), 'others');
INSERT INTO SERVICE(ID, OFFICE_ID, NAME, DATE_UPDATED, DATE_ADDED, STATUS) VALUES (43, 4, 'IT catalog', strftime('%Y-%m-%d %H:%M:%f','now', 'localtime'), strftime('%Y-%m-%d %H:%M:%f','now', 'localtime'), 'others');
INSERT INTO SERVICE(ID, OFFICE_ID, NAME, DATE_UPDATED, DATE_ADDED, STATUS) VALUES (44, 4, 'Room tools', strftime('%Y-%m-%d %H:%M:%f','now', 'localtime'), strftime('%Y-%m-%d %H:%M:%f','now', 'localtime'), 'others');
INSERT INTO SERVICE(ID, OFFICE_ID, NAME, DATE_UPDATED, DATE_ADDED, STATUS) VALUES (45, 4, 'Insights wall', strftime('%Y-%m-%d %H:%M:%f','now', 'localtime'), strftime('%Y-%m-%d %H:%M:%f','now', 'localtime'), 'others');
INSERT INTO SERVICE(ID, OFFICE_ID, NAME, DATE_UPDATED, DATE_ADDED, STATUS) VALUES (46, 4, 'Write on Me Wall', strftime('%Y-%m-%d %H:%M:%f','now', 'localtime'), strftime('%Y-%m-%d %H:%M:%f','now', 'localtime'), 'others');
INSERT INTO SERVICE(ID, OFFICE_ID, NAME, DATE_UPDATED, DATE_ADDED, STATUS) VALUES (47, 4, 'Vending Machine', strftime('%Y-%m-%d %H:%M:%f','now', 'localtime'), strftime('%Y-%m-%d %H:%M:%f','now', 'localtime'), 'others');
INSERT INTO SERVICE(ID, OFFICE_ID, NAME, DATE_UPDATED, DATE_ADDED, STATUS) VALUES (48, 4, 'WayFinder', strftime('%Y-%m-%d %H:%M:%f','now', 'localtime'), strftime('%Y-%m-%d %H:%M:%f','now', 'localtime'), 'others');
INSERT INTO SERVICE(ID, OFFICE_ID, NAME, DATE_UPDATED, DATE_ADDED, STATUS) VALUES (49, 4, 'HelpDesk', strftime('%Y-%m-%d %H:%M:%f','now', 'localtime'), strftime('%Y-%m-%d %H:%M:%f','now', 'localtime'), 'others');
INSERT INTO SERVICE(ID, OFFICE_ID, NAME, DATE_UPDATED, DATE_ADDED, STATUS) VALUES (50, 4, 'IT storage', strftime('%Y-%m-%d %H:%M:%f','now', 'localtime'), strftime('%Y-%m-%d %H:%M:%f','now', 'localtime'), 'others');
INSERT INTO SERVICE(ID, OFFICE_ID, NAME, DATE_UPDATED, DATE_ADDED, STATUS) VALUES (51, 4, 'AV/VC standards', strftime('%Y-%m-%d %H:%M:%f','now', 'localtime'), strftime('%Y-%m-%d %H:%M:%f','now', 'localtime'), 'others');
INSERT INTO SERVICE(ID, OFFICE_ID, NAME, DATE_UPDATED, DATE_ADDED, STATUS) VALUES (52, 4, 'VC density (>75%)', strftime('%Y-%m-%d %H:%M:%f','now', 'localtime'), strftime('%Y-%m-%d %H:%M:%f','now', 'localtime'), 'others');

INSERT INTO SERVICE(ID, OFFICE_ID, NAME, DATE_UPDATED, DATE_ADDED, STATUS) VALUES (53, 5, 'network HW standard', strftime('%Y-%m-%d %H:%M:%f','now', 'localtime'), strftime('%Y-%m-%d %H:%M:%f','now', 'localtime'), 'others');
INSERT INTO SERVICE(ID, OFFICE_ID, NAME, DATE_UPDATED, DATE_ADDED, STATUS) VALUES (54, 5, 'IDF standard', strftime('%Y-%m-%d %H:%M:%f','now', 'localtime'), strftime('%Y-%m-%d %H:%M:%f','now', 'localtime'), 'others');
INSERT INTO SERVICE(ID, OFFICE_ID, NAME, DATE_UPDATED, DATE_ADDED, STATUS) VALUES (55, 5, 'network bandwith', strftime('%Y-%m-%d %H:%M:%f','now', 'localtime'), strftime('%Y-%m-%d %H:%M:%f','now', 'localtime'), 'others');
INSERT INTO SERVICE(ID, OFFICE_ID, NAME, DATE_UPDATED, DATE_ADDED, STATUS) VALUES (56, 5, 'IT catalog', strftime('%Y-%m-%d %H:%M:%f','now', 'localtime'), strftime('%Y-%m-%d %H:%M:%f','now', 'localtime'), 'others');
INSERT INTO SERVICE(ID, OFFICE_ID, NAME, DATE_UPDATED, DATE_ADDED, STATUS) VALUES (57, 5, 'Room tools', strftime('%Y-%m-%d %H:%M:%f','now', 'localtime'), strftime('%Y-%m-%d %H:%M:%f','now', 'localtime'), 'others');
INSERT INTO SERVICE(ID, OFFICE_ID, NAME, DATE_UPDATED, DATE_ADDED, STATUS) VALUES (58, 5, 'Insights wall', strftime('%Y-%m-%d %H:%M:%f','now', 'localtime'), strftime('%Y-%m-%d %H:%M:%f','now', 'localtime'), 'others');
INSERT INTO SERVICE(ID, OFFICE_ID, NAME, DATE_UPDATED, DATE_ADDED, STATUS) VALUES (59, 5, 'Write on Me Wall', strftime('%Y-%m-%d %H:%M:%f','now', 'localtime'), strftime('%Y-%m-%d %H:%M:%f','now', 'localtime'), 'others');
INSERT INTO SERVICE(ID, OFFICE_ID, NAME, DATE_UPDATED, DATE_ADDED, STATUS) VALUES (60, 5, 'Vending Machine', strftime('%Y-%m-%d %H:%M:%f','now', 'localtime'), strftime('%Y-%m-%d %H:%M:%f','now', 'localtime'), 'others');
INSERT INTO SERVICE(ID, OFFICE_ID, NAME, DATE_UPDATED, DATE_ADDED, STATUS) VALUES (61, 5, 'WayFinder', strftime('%Y-%m-%d %H:%M:%f','now', 'localtime'), strftime('%Y-%m-%d %H:%M:%f','now', 'localtime'), 'others');
INSERT INTO SERVICE(ID, OFFICE_ID, NAME, DATE_UPDATED, DATE_ADDED, STATUS) VALUES (62, 5, 'HelpDesk', strftime('%Y-%m-%d %H:%M:%f','now', 'localtime'), strftime('%Y-%m-%d %H:%M:%f','now', 'localtime'), 'others');
INSERT INTO SERVICE(ID, OFFICE_ID, NAME, DATE_UPDATED, DATE_ADDED, STATUS) VALUES (63, 5, 'IT storage', strftime('%Y-%m-%d %H:%M:%f','now', 'localtime'), strftime('%Y-%m-%d %H:%M:%f','now', 'localtime'), 'others');
INSERT INTO SERVICE(ID, OFFICE_ID, NAME, DATE_UPDATED, DATE_ADDED, STATUS) VALUES (64, 5, 'AV/VC standards', strftime('%Y-%m-%d %H:%M:%f','now', 'localtime'), strftime('%Y-%m-%d %H:%M:%f','now', 'localtime'), 'others');
INSERT INTO SERVICE(ID, OFFICE_ID, NAME, DATE_UPDATED, DATE_ADDED, STATUS) VALUES (65, 5, 'VC density (>75%)', strftime('%Y-%m-%d %H:%M:%f','now', 'localtime'), strftime('%Y-%m-%d %H:%M:%f','now', 'localtime'), 'others');

INSERT INTO SERVICE(ID, OFFICE_ID, NAME, DATE_UPDATED, DATE_ADDED, STATUS) VALUES (66, 6, 'network HW standard', strftime('%Y-%m-%d %H:%M:%f','now', 'localtime'), strftime('%Y-%m-%d %H:%M:%f','now', 'localtime'), 'others');
INSERT INTO SERVICE(ID, OFFICE_ID, NAME, DATE_UPDATED, DATE_ADDED, STATUS) VALUES (67, 6, 'IDF standard', strftime('%Y-%m-%d %H:%M:%f','now', 'localtime'), strftime('%Y-%m-%d %H:%M:%f','now', 'localtime'), 'others');
INSERT INTO SERVICE(ID, OFFICE_ID, NAME, DATE_UPDATED, DATE_ADDED, STATUS) VALUES (68, 6, 'network bandwith', strftime('%Y-%m-%d %H:%M:%f','now', 'localtime'), strftime('%Y-%m-%d %H:%M:%f','now', 'localtime'), 'others');
INSERT INTO SERVICE(ID, OFFICE_ID, NAME, DATE_UPDATED, DATE_ADDED, STATUS) VALUES (69, 6, 'IT catalog', strftime('%Y-%m-%d %H:%M:%f','now', 'localtime'), strftime('%Y-%m-%d %H:%M:%f','now', 'localtime'), 'others');
INSERT INTO SERVICE(ID, OFFICE_ID, NAME, DATE_UPDATED, DATE_ADDED, STATUS) VALUES (70, 6, 'Room tools', strftime('%Y-%m-%d %H:%M:%f','now', 'localtime'), strftime('%Y-%m-%d %H:%M:%f','now', 'localtime'), 'others');
INSERT INTO SERVICE(ID, OFFICE_ID, NAME, DATE_UPDATED, DATE_ADDED, STATUS) VALUES (71, 6, 'Insights wall', strftime('%Y-%m-%d %H:%M:%f','now', 'localtime'), strftime('%Y-%m-%d %H:%M:%f','now', 'localtime'), 'others');
INSERT INTO SERVICE(ID, OFFICE_ID, NAME, DATE_UPDATED, DATE_ADDED, STATUS) VALUES (72, 6, 'Write on Me Wall', strftime('%Y-%m-%d %H:%M:%f','now', 'localtime'), strftime('%Y-%m-%d %H:%M:%f','now', 'localtime'), 'others');
INSERT INTO SERVICE(ID, OFFICE_ID, NAME, DATE_UPDATED, DATE_ADDED, STATUS) VALUES (73, 6, 'Vending Machine', strftime('%Y-%m-%d %H:%M:%f','now', 'localtime'), strftime('%Y-%m-%d %H:%M:%f','now', 'localtime'), 'others');
INSERT INTO SERVICE(ID, OFFICE_ID, NAME, DATE_UPDATED, DATE_ADDED, STATUS) VALUES (74, 6, 'WayFinder', strftime('%Y-%m-%d %H:%M:%f','now', 'localtime'), strftime('%Y-%m-%d %H:%M:%f','now', 'localtime'), 'others');
INSERT INTO SERVICE(ID, OFFICE_ID, NAME, DATE_UPDATED, DATE_ADDED, STATUS) VALUES (75, 6, 'HelpDesk', strftime('%Y-%m-%d %H:%M:%f','now', 'localtime'), strftime('%Y-%m-%d %H:%M:%f','now', 'localtime'), 'others');
INSERT INTO SERVICE(ID, OFFICE_ID, NAME, DATE_UPDATED, DATE_ADDED, STATUS) VALUES (76, 6, 'IT storage', strftime('%Y-%m-%d %H:%M:%f','now', 'localtime'), strftime('%Y-%m-%d %H:%M:%f','now', 'localtime'), 'others');
INSERT INTO SERVICE(ID, OFFICE_ID, NAME, DATE_UPDATED, DATE_ADDED, STATUS) VALUES (77, 6, 'AV/VC standards', strftime('%Y-%m-%d %H:%M:%f','now', 'localtime'), strftime('%Y-%m-%d %H:%M:%f','now', 'localtime'), 'others');
INSERT INTO SERVICE(ID, OFFICE_ID, NAME, DATE_UPDATED, DATE_ADDED, STATUS) VALUES (78, 6, 'VC density (>75%)', strftime('%Y-%m-%d %H:%M:%f','now', 'localtime'), strftime('%Y-%m-%d %H:%M:%f','now', 'localtime'), 'others');

INSERT INTO SERVICE(ID, OFFICE_ID, NAME, DATE_UPDATED, DATE_ADDED, STATUS) VALUES (79, 7, 'network HW standard', strftime('%Y-%m-%d %H:%M:%f','now', 'localtime'), strftime('%Y-%m-%d %H:%M:%f','now', 'localtime'), 'others');
INSERT INTO SERVICE(ID, OFFICE_ID, NAME, DATE_UPDATED, DATE_ADDED, STATUS) VALUES (80, 7, 'IDF standard', strftime('%Y-%m-%d %H:%M:%f','now', 'localtime'), strftime('%Y-%m-%d %H:%M:%f','now', 'localtime'), 'others');
INSERT INTO SERVICE(ID, OFFICE_ID, NAME, DATE_UPDATED, DATE_ADDED, STATUS) VALUES (81, 7, 'network bandwith', strftime('%Y-%m-%d %H:%M:%f','now', 'localtime'), strftime('%Y-%m-%d %H:%M:%f','now', 'localtime'), 'others');
INSERT INTO SERVICE(ID, OFFICE_ID, NAME, DATE_UPDATED, DATE_ADDED, STATUS) VALUES (82, 7, 'IT catalog', strftime('%Y-%m-%d %H:%M:%f','now', 'localtime'), strftime('%Y-%m-%d %H:%M:%f','now', 'localtime'), 'others');
INSERT INTO SERVICE(ID, OFFICE_ID, NAME, DATE_UPDATED, DATE_ADDED, STATUS) VALUES (83, 7, 'Room tools', strftime('%Y-%m-%d %H:%M:%f','now', 'localtime'), strftime('%Y-%m-%d %H:%M:%f','now', 'localtime'), 'others');
INSERT INTO SERVICE(ID, OFFICE_ID, NAME, DATE_UPDATED, DATE_ADDED, STATUS) VALUES (84, 7, 'Insights wall', strftime('%Y-%m-%d %H:%M:%f','now', 'localtime'), strftime('%Y-%m-%d %H:%M:%f','now', 'localtime'), 'others');
INSERT INTO SERVICE(ID, OFFICE_ID, NAME, DATE_UPDATED, DATE_ADDED, STATUS) VALUES (85, 7, 'Write on Me Wall', strftime('%Y-%m-%d %H:%M:%f','now', 'localtime'), strftime('%Y-%m-%d %H:%M:%f','now', 'localtime'), 'others');
INSERT INTO SERVICE(ID, OFFICE_ID, NAME, DATE_UPDATED, DATE_ADDED, STATUS) VALUES (86, 7, 'Vending Machine', strftime('%Y-%m-%d %H:%M:%f','now', 'localtime'), strftime('%Y-%m-%d %H:%M:%f','now', 'localtime'), 'others');
INSERT INTO SERVICE(ID, OFFICE_ID, NAME, DATE_UPDATED, DATE_ADDED, STATUS) VALUES (87, 7, 'WayFinder', strftime('%Y-%m-%d %H:%M:%f','now', 'localtime'), strftime('%Y-%m-%d %H:%M:%f','now', 'localtime'), 'others');
INSERT INTO SERVICE(ID, OFFICE_ID, NAME, DATE_UPDATED, DATE_ADDED, STATUS) VALUES (88, 7, 'HelpDesk', strftime('%Y-%m-%d %H:%M:%f','now', 'localtime'), strftime('%Y-%m-%d %H:%M:%f','now', 'localtime'), 'others');
INSERT INTO SERVICE(ID, OFFICE_ID, NAME, DATE_UPDATED, DATE_ADDED, STATUS) VALUES (89, 7, 'IT storage', strftime('%Y-%m-%d %H:%M:%f','now', 'localtime'), strftime('%Y-%m-%d %H:%M:%f','now', 'localtime'), 'others');
INSERT INTO SERVICE(ID, OFFICE_ID, NAME, DATE_UPDATED, DATE_ADDED, STATUS) VALUES (90, 7, 'AV/VC standards', strftime('%Y-%m-%d %H:%M:%f','now', 'localtime'), strftime('%Y-%m-%d %H:%M:%f','now', 'localtime'), 'others');
INSERT INTO SERVICE(ID, OFFICE_ID, NAME, DATE_UPDATED, DATE_ADDED, STATUS) VALUES (91, 7, 'VC density (>75%)', strftime('%Y-%m-%d %H:%M:%f','now', 'localtime'), strftime('%Y-%m-%d %H:%M:%f','now', 'localtime'), 'others');

INSERT INTO SERVICE(ID, OFFICE_ID, NAME, DATE_UPDATED, DATE_ADDED, STATUS) VALUES (92, 8, 'network HW standard', strftime('%Y-%m-%d %H:%M:%f','now', 'localtime'), strftime('%Y-%m-%d %H:%M:%f','now', 'localtime'), 'others');
INSERT INTO SERVICE(ID, OFFICE_ID, NAME, DATE_UPDATED, DATE_ADDED, STATUS) VALUES (93, 8, 'IDF standard', strftime('%Y-%m-%d %H:%M:%f','now', 'localtime'), strftime('%Y-%m-%d %H:%M:%f','now', 'localtime'), 'others');
INSERT INTO SERVICE(ID, OFFICE_ID, NAME, DATE_UPDATED, DATE_ADDED, STATUS) VALUES (94, 8, 'network bandwith', strftime('%Y-%m-%d %H:%M:%f','now', 'localtime'), strftime('%Y-%m-%d %H:%M:%f','now', 'localtime'), 'others');
INSERT INTO SERVICE(ID, OFFICE_ID, NAME, DATE_UPDATED, DATE_ADDED, STATUS) VALUES (95, 8, 'IT catalog', strftime('%Y-%m-%d %H:%M:%f','now', 'localtime'), strftime('%Y-%m-%d %H:%M:%f','now', 'localtime'), 'others');
INSERT INTO SERVICE(ID, OFFICE_ID, NAME, DATE_UPDATED, DATE_ADDED, STATUS) VALUES (96, 8, 'Room tools', strftime('%Y-%m-%d %H:%M:%f','now', 'localtime'), strftime('%Y-%m-%d %H:%M:%f','now', 'localtime'), 'others');
INSERT INTO SERVICE(ID, OFFICE_ID, NAME, DATE_UPDATED, DATE_ADDED, STATUS) VALUES (97, 8, 'Insights wall', strftime('%Y-%m-%d %H:%M:%f','now', 'localtime'), strftime('%Y-%m-%d %H:%M:%f','now', 'localtime'), 'others');
INSERT INTO SERVICE(ID, OFFICE_ID, NAME, DATE_UPDATED, DATE_ADDED, STATUS) VALUES (98, 8, 'Write on Me Wall', strftime('%Y-%m-%d %H:%M:%f','now', 'localtime'), strftime('%Y-%m-%d %H:%M:%f','now', 'localtime'), 'others');
INSERT INTO SERVICE(ID, OFFICE_ID, NAME, DATE_UPDATED, DATE_ADDED, STATUS) VALUES (99, 8, 'Vending Machine', strftime('%Y-%m-%d %H:%M:%f','now', 'localtime'), strftime('%Y-%m-%d %H:%M:%f','now', 'localtime'), 'others');
INSERT INTO SERVICE(ID, OFFICE_ID, NAME, DATE_UPDATED, DATE_ADDED, STATUS) VALUES (100, 8, 'WayFinder', strftime('%Y-%m-%d %H:%M:%f','now', 'localtime'), strftime('%Y-%m-%d %H:%M:%f','now', 'localtime'), 'others');
INSERT INTO SERVICE(ID, OFFICE_ID, NAME, DATE_UPDATED, DATE_ADDED, STATUS) VALUES (101, 8, 'HelpDesk', strftime('%Y-%m-%d %H:%M:%f','now', 'localtime'), strftime('%Y-%m-%d %H:%M:%f','now', 'localtime'), 'others');
INSERT INTO SERVICE(ID, OFFICE_ID, NAME, DATE_UPDATED, DATE_ADDED, STATUS) VALUES (102, 8, 'IT storage', strftime('%Y-%m-%d %H:%M:%f','now', 'localtime'), strftime('%Y-%m-%d %H:%M:%f','now', 'localtime'), 'others');
INSERT INTO SERVICE(ID, OFFICE_ID, NAME, DATE_UPDATED, DATE_ADDED, STATUS) VALUES (103, 8, 'AV/VC standards', strftime('%Y-%m-%d %H:%M:%f','now', 'localtime'), strftime('%Y-%m-%d %H:%M:%f','now', 'localtime'), 'others');
INSERT INTO SERVICE(ID, OFFICE_ID, NAME, DATE_UPDATED, DATE_ADDED, STATUS) VALUES (104, 8, 'VC density (>75%)', strftime('%Y-%m-%d %H:%M:%f','now', 'localtime'), strftime('%Y-%m-%d %H:%M:%f','now', 'localtime'), 'others');

INSERT INTO SERVICE(ID, OFFICE_ID, NAME, DATE_UPDATED, DATE_ADDED, STATUS) VALUES (105, 9, 'network HW standard', strftime('%Y-%m-%d %H:%M:%f','now', 'localtime'), strftime('%Y-%m-%d %H:%M:%f','now', 'localtime'), 'others');
INSERT INTO SERVICE(ID, OFFICE_ID, NAME, DATE_UPDATED, DATE_ADDED, STATUS) VALUES (106, 9, 'IDF standard', strftime('%Y-%m-%d %H:%M:%f','now', 'localtime'), strftime('%Y-%m-%d %H:%M:%f','now', 'localtime'), 'others');
INSERT INTO SERVICE(ID, OFFICE_ID, NAME, DATE_UPDATED, DATE_ADDED, STATUS) VALUES (107, 9, 'network bandwith', strftime('%Y-%m-%d %H:%M:%f','now', 'localtime'), strftime('%Y-%m-%d %H:%M:%f','now', 'localtime'), 'others');
INSERT INTO SERVICE(ID, OFFICE_ID, NAME, DATE_UPDATED, DATE_ADDED, STATUS) VALUES (108, 9, 'IT catalog', strftime('%Y-%m-%d %H:%M:%f','now', 'localtime'), strftime('%Y-%m-%d %H:%M:%f','now', 'localtime'), 'others');
INSERT INTO SERVICE(ID, OFFICE_ID, NAME, DATE_UPDATED, DATE_ADDED, STATUS) VALUES (109, 9, 'Room tools', strftime('%Y-%m-%d %H:%M:%f','now', 'localtime'), strftime('%Y-%m-%d %H:%M:%f','now', 'localtime'), 'others');
INSERT INTO SERVICE(ID, OFFICE_ID, NAME, DATE_UPDATED, DATE_ADDED, STATUS) VALUES (110, 9, 'Insights wall', strftime('%Y-%m-%d %H:%M:%f','now', 'localtime'), strftime('%Y-%m-%d %H:%M:%f','now', 'localtime'), 'others');
INSERT INTO SERVICE(ID, OFFICE_ID, NAME, DATE_UPDATED, DATE_ADDED, STATUS) VALUES (111, 9, 'Write on Me Wall', strftime('%Y-%m-%d %H:%M:%f','now', 'localtime'), strftime('%Y-%m-%d %H:%M:%f','now', 'localtime'), 'others');
INSERT INTO SERVICE(ID, OFFICE_ID, NAME, DATE_UPDATED, DATE_ADDED, STATUS) VALUES (112, 9, 'Vending Machine', strftime('%Y-%m-%d %H:%M:%f','now', 'localtime'), strftime('%Y-%m-%d %H:%M:%f','now', 'localtime'), 'others');
INSERT INTO SERVICE(ID, OFFICE_ID, NAME, DATE_UPDATED, DATE_ADDED, STATUS) VALUES (113, 9, 'WayFinder', strftime('%Y-%m-%d %H:%M:%f','now', 'localtime'), strftime('%Y-%m-%d %H:%M:%f','now', 'localtime'), 'others');
INSERT INTO SERVICE(ID, OFFICE_ID, NAME, DATE_UPDATED, DATE_ADDED, STATUS) VALUES (114, 9, 'HelpDesk', strftime('%Y-%m-%d %H:%M:%f','now', 'localtime'), strftime('%Y-%m-%d %H:%M:%f','now', 'localtime'), 'others');
INSERT INTO SERVICE(ID, OFFICE_ID, NAME, DATE_UPDATED, DATE_ADDED, STATUS) VALUES (115, 9, 'IT storage', strftime('%Y-%m-%d %H:%M:%f','now', 'localtime'), strftime('%Y-%m-%d %H:%M:%f','now', 'localtime'), 'others');
INSERT INTO SERVICE(ID, OFFICE_ID, NAME, DATE_UPDATED, DATE_ADDED, STATUS) VALUES (116, 9, 'AV/VC standards', strftime('%Y-%m-%d %H:%M:%f','now', 'localtime'), strftime('%Y-%m-%d %H:%M:%f','now', 'localtime'), 'others');
INSERT INTO SERVICE(ID, OFFICE_ID, NAME, DATE_UPDATED, DATE_ADDED, STATUS) VALUES (117, 9, 'VC density (>75%)', strftime('%Y-%m-%d %H:%M:%f','now', 'localtime'), strftime('%Y-%m-%d %H:%M:%f','now', 'localtime'), 'others');

INSERT INTO SERVICE(ID, OFFICE_ID, NAME, DATE_UPDATED, DATE_ADDED, STATUS) VALUES (118, 10, 'network HW standard', strftime('%Y-%m-%d %H:%M:%f','now', 'localtime'), strftime('%Y-%m-%d %H:%M:%f','now', 'localtime'), 'others');
INSERT INTO SERVICE(ID, OFFICE_ID, NAME, DATE_UPDATED, DATE_ADDED, STATUS) VALUES (119, 10, 'IDF standard', strftime('%Y-%m-%d %H:%M:%f','now', 'localtime'), strftime('%Y-%m-%d %H:%M:%f','now', 'localtime'), 'others');
INSERT INTO SERVICE(ID, OFFICE_ID, NAME, DATE_UPDATED, DATE_ADDED, STATUS) VALUES (120, 10, 'network bandwith', strftime('%Y-%m-%d %H:%M:%f','now', 'localtime'), strftime('%Y-%m-%d %H:%M:%f','now', 'localtime'), 'others');
INSERT INTO SERVICE(ID, OFFICE_ID, NAME, DATE_UPDATED, DATE_ADDED, STATUS) VALUES (121, 10, 'IT catalog', strftime('%Y-%m-%d %H:%M:%f','now', 'localtime'), strftime('%Y-%m-%d %H:%M:%f','now', 'localtime'), 'others');
INSERT INTO SERVICE(ID, OFFICE_ID, NAME, DATE_UPDATED, DATE_ADDED, STATUS) VALUES (122, 10, 'Room tools', strftime('%Y-%m-%d %H:%M:%f','now', 'localtime'), strftime('%Y-%m-%d %H:%M:%f','now', 'localtime'), 'others');
INSERT INTO SERVICE(ID, OFFICE_ID, NAME, DATE_UPDATED, DATE_ADDED, STATUS) VALUES (123, 10, 'Insights wall', strftime('%Y-%m-%d %H:%M:%f','now', 'localtime'), strftime('%Y-%m-%d %H:%M:%f','now', 'localtime'), 'others');
INSERT INTO SERVICE(ID, OFFICE_ID, NAME, DATE_UPDATED, DATE_ADDED, STATUS) VALUES (124, 10, 'Write on Me Wall', strftime('%Y-%m-%d %H:%M:%f','now', 'localtime'), strftime('%Y-%m-%d %H:%M:%f','now', 'localtime'), 'others');
INSERT INTO SERVICE(ID, OFFICE_ID, NAME, DATE_UPDATED, DATE_ADDED, STATUS) VALUES (125, 10, 'Vending Machine', strftime('%Y-%m-%d %H:%M:%f','now', 'localtime'), strftime('%Y-%m-%d %H:%M:%f','now', 'localtime'), 'others');
INSERT INTO SERVICE(ID, OFFICE_ID, NAME, DATE_UPDATED, DATE_ADDED, STATUS) VALUES (126, 10, 'WayFinder', strftime('%Y-%m-%d %H:%M:%f','now', 'localtime'), strftime('%Y-%m-%d %H:%M:%f','now', 'localtime'), 'others');
INSERT INTO SERVICE(ID, OFFICE_ID, NAME, DATE_UPDATED, DATE_ADDED, STATUS) VALUES (127, 10, 'HelpDesk', strftime('%Y-%m-%d %H:%M:%f','now', 'localtime'), strftime('%Y-%m-%d %H:%M:%f','now', 'localtime'), 'others');
INSERT INTO SERVICE(ID, OFFICE_ID, NAME, DATE_UPDATED, DATE_ADDED, STATUS) VALUES (128, 10, 'IT storage', strftime('%Y-%m-%d %H:%M:%f','now', 'localtime'), strftime('%Y-%m-%d %H:%M:%f','now', 'localtime'), 'others');
INSERT INTO SERVICE(ID, OFFICE_ID, NAME, DATE_UPDATED, DATE_ADDED, STATUS) VALUES (129, 10, 'AV/VC standards', strftime('%Y-%m-%d %H:%M:%f','now', 'localtime'), strftime('%Y-%m-%d %H:%M:%f','now', 'localtime'), 'others');
INSERT INTO SERVICE(ID, OFFICE_ID, NAME, DATE_UPDATED, DATE_ADDED, STATUS) VALUES (130, 10, 'VC density (>75%)', strftime('%Y-%m-%d %H:%M:%f','now', 'localtime'), strftime('%Y-%m-%d %H:%M:%f','now', 'localtime'), 'others');

INSERT INTO SERVICE(ID, OFFICE_ID, NAME, DATE_UPDATED, DATE_ADDED, STATUS) VALUES (131, 11, 'network HW standard', strftime('%Y-%m-%d %H:%M:%f','now', 'localtime'), strftime('%Y-%m-%d %H:%M:%f','now', 'localtime'), 'others');
INSERT INTO SERVICE(ID, OFFICE_ID, NAME, DATE_UPDATED, DATE_ADDED, STATUS) VALUES (132, 11, 'IDF standard', strftime('%Y-%m-%d %H:%M:%f','now', 'localtime'), strftime('%Y-%m-%d %H:%M:%f','now', 'localtime'), 'others');
INSERT INTO SERVICE(ID, OFFICE_ID, NAME, DATE_UPDATED, DATE_ADDED, STATUS) VALUES (133, 11, 'network bandwith', strftime('%Y-%m-%d %H:%M:%f','now', 'localtime'), strftime('%Y-%m-%d %H:%M:%f','now', 'localtime'), 'others');
INSERT INTO SERVICE(ID, OFFICE_ID, NAME, DATE_UPDATED, DATE_ADDED, STATUS) VALUES (134, 11, 'IT catalog', strftime('%Y-%m-%d %H:%M:%f','now', 'localtime'), strftime('%Y-%m-%d %H:%M:%f','now', 'localtime'), 'others');
INSERT INTO SERVICE(ID, OFFICE_ID, NAME, DATE_UPDATED, DATE_ADDED, STATUS) VALUES (135, 11, 'Room tools', strftime('%Y-%m-%d %H:%M:%f','now', 'localtime'), strftime('%Y-%m-%d %H:%M:%f','now', 'localtime'), 'others');
INSERT INTO SERVICE(ID, OFFICE_ID, NAME, DATE_UPDATED, DATE_ADDED, STATUS) VALUES (136, 11, 'Insights wall', strftime('%Y-%m-%d %H:%M:%f','now', 'localtime'), strftime('%Y-%m-%d %H:%M:%f','now', 'localtime'), 'others');
INSERT INTO SERVICE(ID, OFFICE_ID, NAME, DATE_UPDATED, DATE_ADDED, STATUS) VALUES (137, 11, 'Write on Me Wall', strftime('%Y-%m-%d %H:%M:%f','now', 'localtime'), strftime('%Y-%m-%d %H:%M:%f','now', 'localtime'), 'others');
INSERT INTO SERVICE(ID, OFFICE_ID, NAME, DATE_UPDATED, DATE_ADDED, STATUS) VALUES (138, 11, 'Vending Machine', strftime('%Y-%m-%d %H:%M:%f','now', 'localtime'), strftime('%Y-%m-%d %H:%M:%f','now', 'localtime'), 'others');
INSERT INTO SERVICE(ID, OFFICE_ID, NAME, DATE_UPDATED, DATE_ADDED, STATUS) VALUES (139, 11, 'WayFinder', strftime('%Y-%m-%d %H:%M:%f','now', 'localtime'), strftime('%Y-%m-%d %H:%M:%f','now', 'localtime'), 'others');
INSERT INTO SERVICE(ID, OFFICE_ID, NAME, DATE_UPDATED, DATE_ADDED, STATUS) VALUES (140, 11, 'HelpDesk', strftime('%Y-%m-%d %H:%M:%f','now', 'localtime'), strftime('%Y-%m-%d %H:%M:%f','now', 'localtime'), 'others');
INSERT INTO SERVICE(ID, OFFICE_ID, NAME, DATE_UPDATED, DATE_ADDED, STATUS) VALUES (141, 11, 'IT storage', strftime('%Y-%m-%d %H:%M:%f','now', 'localtime'), strftime('%Y-%m-%d %H:%M:%f','now', 'localtime'), 'others');
INSERT INTO SERVICE(ID, OFFICE_ID, NAME, DATE_UPDATED, DATE_ADDED, STATUS) VALUES (142, 11, 'AV/VC standards', strftime('%Y-%m-%d %H:%M:%f','now', 'localtime'), strftime('%Y-%m-%d %H:%M:%f','now', 'localtime'), 'others');
INSERT INTO SERVICE(ID, OFFICE_ID, NAME, DATE_UPDATED, DATE_ADDED, STATUS) VALUES (143, 11, 'VC density (>75%)', strftime('%Y-%m-%d %H:%M:%f','now', 'localtime'), strftime('%Y-%m-%d %H:%M:%f','now', 'localtime'), 'others');

INSERT INTO SERVICE(ID, OFFICE_ID, NAME, DATE_UPDATED, DATE_ADDED, STATUS) VALUES (144, 12, 'network HW standard', strftime('%Y-%m-%d %H:%M:%f','now', 'localtime'), strftime('%Y-%m-%d %H:%M:%f','now', 'localtime'), 'others');
INSERT INTO SERVICE(ID, OFFICE_ID, NAME, DATE_UPDATED, DATE_ADDED, STATUS) VALUES (145, 12, 'IDF standard', strftime('%Y-%m-%d %H:%M:%f','now', 'localtime'), strftime('%Y-%m-%d %H:%M:%f','now', 'localtime'), 'others');
INSERT INTO SERVICE(ID, OFFICE_ID, NAME, DATE_UPDATED, DATE_ADDED, STATUS) VALUES (146, 12, 'network bandwith', strftime('%Y-%m-%d %H:%M:%f','now', 'localtime'), strftime('%Y-%m-%d %H:%M:%f','now', 'localtime'), 'others');
INSERT INTO SERVICE(ID, OFFICE_ID, NAME, DATE_UPDATED, DATE_ADDED, STATUS) VALUES (147, 12, 'IT catalog', strftime('%Y-%m-%d %H:%M:%f','now', 'localtime'), strftime('%Y-%m-%d %H:%M:%f','now', 'localtime'), 'others');
INSERT INTO SERVICE(ID, OFFICE_ID, NAME, DATE_UPDATED, DATE_ADDED, STATUS) VALUES (148, 12, 'Room tools', strftime('%Y-%m-%d %H:%M:%f','now', 'localtime'), strftime('%Y-%m-%d %H:%M:%f','now', 'localtime'), 'others');
INSERT INTO SERVICE(ID, OFFICE_ID, NAME, DATE_UPDATED, DATE_ADDED, STATUS) VALUES (149, 12, 'Insights wall', strftime('%Y-%m-%d %H:%M:%f','now', 'localtime'), strftime('%Y-%m-%d %H:%M:%f','now', 'localtime'), 'others');
INSERT INTO SERVICE(ID, OFFICE_ID, NAME, DATE_UPDATED, DATE_ADDED, STATUS) VALUES (150, 12, 'Write on Me Wall', strftime('%Y-%m-%d %H:%M:%f','now', 'localtime'), strftime('%Y-%m-%d %H:%M:%f','now', 'localtime'), 'others');
INSERT INTO SERVICE(ID, OFFICE_ID, NAME, DATE_UPDATED, DATE_ADDED, STATUS) VALUES (151, 12, 'Vending Machine', strftime('%Y-%m-%d %H:%M:%f','now', 'localtime'), strftime('%Y-%m-%d %H:%M:%f','now', 'localtime'), 'others');
INSERT INTO SERVICE(ID, OFFICE_ID, NAME, DATE_UPDATED, DATE_ADDED, STATUS) VALUES (152, 12, 'WayFinder', strftime('%Y-%m-%d %H:%M:%f','now', 'localtime'), strftime('%Y-%m-%d %H:%M:%f','now', 'localtime'), 'others');
INSERT INTO SERVICE(ID, OFFICE_ID, NAME, DATE_UPDATED, DATE_ADDED, STATUS) VALUES (153, 12, 'HelpDesk', strftime('%Y-%m-%d %H:%M:%f','now', 'localtime'), strftime('%Y-%m-%d %H:%M:%f','now', 'localtime'), 'others');
INSERT INTO SERVICE(ID, OFFICE_ID, NAME, DATE_UPDATED, DATE_ADDED, STATUS) VALUES (154, 12, 'IT storage', strftime('%Y-%m-%d %H:%M:%f','now', 'localtime'), strftime('%Y-%m-%d %H:%M:%f','now', 'localtime'), 'others');
INSERT INTO SERVICE(ID, OFFICE_ID, NAME, DATE_UPDATED, DATE_ADDED, STATUS) VALUES (155, 12, 'AV/VC standards', strftime('%Y-%m-%d %H:%M:%f','now', 'localtime'), strftime('%Y-%m-%d %H:%M:%f','now', 'localtime'), 'others');
INSERT INTO SERVICE(ID, OFFICE_ID, NAME, DATE_UPDATED, DATE_ADDED, STATUS) VALUES (156, 12, 'VC density (>75%)', strftime('%Y-%m-%d %H:%M:%f','now', 'localtime'), strftime('%Y-%m-%d %H:%M:%f','now', 'localtime'), 'others');

INSERT INTO SERVICE(ID, OFFICE_ID, NAME, DATE_UPDATED, DATE_ADDED, STATUS) VALUES (157, 13, 'network HW standard', strftime('%Y-%m-%d %H:%M:%f','now', 'localtime'), strftime('%Y-%m-%d %H:%M:%f','now', 'localtime'), 'others');
INSERT INTO SERVICE(ID, OFFICE_ID, NAME, DATE_UPDATED, DATE_ADDED, STATUS) VALUES (158, 13, 'IDF standard', strftime('%Y-%m-%d %H:%M:%f','now', 'localtime'), strftime('%Y-%m-%d %H:%M:%f','now', 'localtime'), 'others');
INSERT INTO SERVICE(ID, OFFICE_ID, NAME, DATE_UPDATED, DATE_ADDED, STATUS) VALUES (159, 13, 'network bandwith', strftime('%Y-%m-%d %H:%M:%f','now', 'localtime'), strftime('%Y-%m-%d %H:%M:%f','now', 'localtime'), 'others');
INSERT INTO SERVICE(ID, OFFICE_ID, NAME, DATE_UPDATED, DATE_ADDED, STATUS) VALUES (160, 13, 'IT catalog', strftime('%Y-%m-%d %H:%M:%f','now', 'localtime'), strftime('%Y-%m-%d %H:%M:%f','now', 'localtime'), 'others');
INSERT INTO SERVICE(ID, OFFICE_ID, NAME, DATE_UPDATED, DATE_ADDED, STATUS) VALUES (161, 13, 'Room tools', strftime('%Y-%m-%d %H:%M:%f','now', 'localtime'), strftime('%Y-%m-%d %H:%M:%f','now', 'localtime'), 'others');
INSERT INTO SERVICE(ID, OFFICE_ID, NAME, DATE_UPDATED, DATE_ADDED, STATUS) VALUES (162, 13, 'Insights wall', strftime('%Y-%m-%d %H:%M:%f','now', 'localtime'), strftime('%Y-%m-%d %H:%M:%f','now', 'localtime'), 'others');
INSERT INTO SERVICE(ID, OFFICE_ID, NAME, DATE_UPDATED, DATE_ADDED, STATUS) VALUES (163, 13, 'Write on Me Wall', strftime('%Y-%m-%d %H:%M:%f','now', 'localtime'), strftime('%Y-%m-%d %H:%M:%f','now', 'localtime'), 'others');
INSERT INTO SERVICE(ID, OFFICE_ID, NAME, DATE_UPDATED, DATE_ADDED, STATUS) VALUES (164, 13, 'Vending Machine', strftime('%Y-%m-%d %H:%M:%f','now', 'localtime'), strftime('%Y-%m-%d %H:%M:%f','now', 'localtime'), 'others');
INSERT INTO SERVICE(ID, OFFICE_ID, NAME, DATE_UPDATED, DATE_ADDED, STATUS) VALUES (165, 13, 'WayFinder', strftime('%Y-%m-%d %H:%M:%f','now', 'localtime'), strftime('%Y-%m-%d %H:%M:%f','now', 'localtime'), 'others');
INSERT INTO SERVICE(ID, OFFICE_ID, NAME, DATE_UPDATED, DATE_ADDED, STATUS) VALUES (166, 13, 'HelpDesk', strftime('%Y-%m-%d %H:%M:%f','now', 'localtime'), strftime('%Y-%m-%d %H:%M:%f','now', 'localtime'), 'others');
INSERT INTO SERVICE(ID, OFFICE_ID, NAME, DATE_UPDATED, DATE_ADDED, STATUS) VALUES (167, 13, 'IT storage', strftime('%Y-%m-%d %H:%M:%f','now', 'localtime'), strftime('%Y-%m-%d %H:%M:%f','now', 'localtime'), 'others');
INSERT INTO SERVICE(ID, OFFICE_ID, NAME, DATE_UPDATED, DATE_ADDED, STATUS) VALUES (168, 13, 'AV/VC standards', strftime('%Y-%m-%d %H:%M:%f','now', 'localtime'), strftime('%Y-%m-%d %H:%M:%f','now', 'localtime'), 'others');
INSERT INTO SERVICE(ID, OFFICE_ID, NAME, DATE_UPDATED, DATE_ADDED, STATUS) VALUES (169, 13, 'VC density (>75%)', strftime('%Y-%m-%d %H:%M:%f','now', 'localtime'), strftime('%Y-%m-%d %H:%M:%f','now', 'localtime'), 'others');

INSERT INTO SERVICE(ID, OFFICE_ID, NAME, DATE_UPDATED, DATE_ADDED, STATUS) VALUES (170, 14, 'network HW standard', strftime('%Y-%m-%d %H:%M:%f','now', 'localtime'), strftime('%Y-%m-%d %H:%M:%f','now', 'localtime'), 'others');
INSERT INTO SERVICE(ID, OFFICE_ID, NAME, DATE_UPDATED, DATE_ADDED, STATUS) VALUES (171, 14, 'IDF standard', strftime('%Y-%m-%d %H:%M:%f','now', 'localtime'), strftime('%Y-%m-%d %H:%M:%f','now', 'localtime'), 'others');
INSERT INTO SERVICE(ID, OFFICE_ID, NAME, DATE_UPDATED, DATE_ADDED, STATUS) VALUES (172, 14, 'network bandwith', strftime('%Y-%m-%d %H:%M:%f','now', 'localtime'), strftime('%Y-%m-%d %H:%M:%f','now', 'localtime'), 'others');
INSERT INTO SERVICE(ID, OFFICE_ID, NAME, DATE_UPDATED, DATE_ADDED, STATUS) VALUES (173, 14, 'IT catalog', strftime('%Y-%m-%d %H:%M:%f','now', 'localtime'), strftime('%Y-%m-%d %H:%M:%f','now', 'localtime'), 'others');
INSERT INTO SERVICE(ID, OFFICE_ID, NAME, DATE_UPDATED, DATE_ADDED, STATUS) VALUES (174, 14, 'Room tools', strftime('%Y-%m-%d %H:%M:%f','now', 'localtime'), strftime('%Y-%m-%d %H:%M:%f','now', 'localtime'), 'others');
INSERT INTO SERVICE(ID, OFFICE_ID, NAME, DATE_UPDATED, DATE_ADDED, STATUS) VALUES (175, 14, 'Insights wall', strftime('%Y-%m-%d %H:%M:%f','now', 'localtime'), strftime('%Y-%m-%d %H:%M:%f','now', 'localtime'), 'others');
INSERT INTO SERVICE(ID, OFFICE_ID, NAME, DATE_UPDATED, DATE_ADDED, STATUS) VALUES (176, 14, 'Write on Me Wall', strftime('%Y-%m-%d %H:%M:%f','now', 'localtime'), strftime('%Y-%m-%d %H:%M:%f','now', 'localtime'), 'others');
INSERT INTO SERVICE(ID, OFFICE_ID, NAME, DATE_UPDATED, DATE_ADDED, STATUS) VALUES (177, 14, 'Vending Machine', strftime('%Y-%m-%d %H:%M:%f','now', 'localtime'), strftime('%Y-%m-%d %H:%M:%f','now', 'localtime'), 'others');
INSERT INTO SERVICE(ID, OFFICE_ID, NAME, DATE_UPDATED, DATE_ADDED, STATUS) VALUES (178, 14, 'WayFinder', strftime('%Y-%m-%d %H:%M:%f','now', 'localtime'), strftime('%Y-%m-%d %H:%M:%f','now', 'localtime'), 'others');
INSERT INTO SERVICE(ID, OFFICE_ID, NAME, DATE_UPDATED, DATE_ADDED, STATUS) VALUES (179, 14, 'HelpDesk', strftime('%Y-%m-%d %H:%M:%f','now', 'localtime'), strftime('%Y-%m-%d %H:%M:%f','now', 'localtime'), 'others');
INSERT INTO SERVICE(ID, OFFICE_ID, NAME, DATE_UPDATED, DATE_ADDED, STATUS) VALUES (180, 14, 'IT storage', strftime('%Y-%m-%d %H:%M:%f','now', 'localtime'), strftime('%Y-%m-%d %H:%M:%f','now', 'localtime'), 'others');
INSERT INTO SERVICE(ID, OFFICE_ID, NAME, DATE_UPDATED, DATE_ADDED, STATUS) VALUES (181, 14, 'AV/VC standards', strftime('%Y-%m-%d %H:%M:%f','now', 'localtime'), strftime('%Y-%m-%d %H:%M:%f','now', 'localtime'), 'others');
INSERT INTO SERVICE(ID, OFFICE_ID, NAME, DATE_UPDATED, DATE_ADDED, STATUS) VALUES (182, 14, 'VC density (>75%)', strftime('%Y-%m-%d %H:%M:%f','now', 'localtime'), strftime('%Y-%m-%d %H:%M:%f','now', 'localtime'), 'others');

INSERT INTO SERVICE(ID, OFFICE_ID, NAME, DATE_UPDATED, DATE_ADDED, STATUS) VALUES (183, 15, 'network HW standard', strftime('%Y-%m-%d %H:%M:%f','now', 'localtime'), strftime('%Y-%m-%d %H:%M:%f','now', 'localtime'), 'others');
INSERT INTO SERVICE(ID, OFFICE_ID, NAME, DATE_UPDATED, DATE_ADDED, STATUS) VALUES (184, 15, 'IDF standard', strftime('%Y-%m-%d %H:%M:%f','now', 'localtime'), strftime('%Y-%m-%d %H:%M:%f','now', 'localtime'), 'others');
INSERT INTO SERVICE(ID, OFFICE_ID, NAME, DATE_UPDATED, DATE_ADDED, STATUS) VALUES (185, 15, 'network bandwith', strftime('%Y-%m-%d %H:%M:%f','now', 'localtime'), strftime('%Y-%m-%d %H:%M:%f','now', 'localtime'), 'others');
INSERT INTO SERVICE(ID, OFFICE_ID, NAME, DATE_UPDATED, DATE_ADDED, STATUS) VALUES (186, 15, 'IT catalog', strftime('%Y-%m-%d %H:%M:%f','now', 'localtime'), strftime('%Y-%m-%d %H:%M:%f','now', 'localtime'), 'others');
INSERT INTO SERVICE(ID, OFFICE_ID, NAME, DATE_UPDATED, DATE_ADDED, STATUS) VALUES (187, 15, 'Room tools', strftime('%Y-%m-%d %H:%M:%f','now', 'localtime'), strftime('%Y-%m-%d %H:%M:%f','now', 'localtime'), 'others');
INSERT INTO SERVICE(ID, OFFICE_ID, NAME, DATE_UPDATED, DATE_ADDED, STATUS) VALUES (188, 15, 'Insights wall', strftime('%Y-%m-%d %H:%M:%f','now', 'localtime'), strftime('%Y-%m-%d %H:%M:%f','now', 'localtime'), 'others');
INSERT INTO SERVICE(ID, OFFICE_ID, NAME, DATE_UPDATED, DATE_ADDED, STATUS) VALUES (189, 15, 'Write on Me Wall', strftime('%Y-%m-%d %H:%M:%f','now', 'localtime'), strftime('%Y-%m-%d %H:%M:%f','now', 'localtime'), 'others');
INSERT INTO SERVICE(ID, OFFICE_ID, NAME, DATE_UPDATED, DATE_ADDED, STATUS) VALUES (190, 15, 'Vending Machine', strftime('%Y-%m-%d %H:%M:%f','now', 'localtime'), strftime('%Y-%m-%d %H:%M:%f','now', 'localtime'), 'others');
INSERT INTO SERVICE(ID, OFFICE_ID, NAME, DATE_UPDATED, DATE_ADDED, STATUS) VALUES (191, 15, 'WayFinder', strftime('%Y-%m-%d %H:%M:%f','now', 'localtime'), strftime('%Y-%m-%d %H:%M:%f','now', 'localtime'), 'others');
INSERT INTO SERVICE(ID, OFFICE_ID, NAME, DATE_UPDATED, DATE_ADDED, STATUS) VALUES (192, 15, 'HelpDesk', strftime('%Y-%m-%d %H:%M:%f','now', 'localtime'), strftime('%Y-%m-%d %H:%M:%f','now', 'localtime'), 'others');
INSERT INTO SERVICE(ID, OFFICE_ID, NAME, DATE_UPDATED, DATE_ADDED, STATUS) VALUES (193, 15, 'IT storage', strftime('%Y-%m-%d %H:%M:%f','now', 'localtime'), strftime('%Y-%m-%d %H:%M:%f','now', 'localtime'), 'others');
INSERT INTO SERVICE(ID, OFFICE_ID, NAME, DATE_UPDATED, DATE_ADDED, STATUS) VALUES (194, 15, 'AV/VC standards', strftime('%Y-%m-%d %H:%M:%f','now', 'localtime'), strftime('%Y-%m-%d %H:%M:%f','now', 'localtime'), 'others');
INSERT INTO SERVICE(ID, OFFICE_ID, NAME, DATE_UPDATED, DATE_ADDED, STATUS) VALUES (195, 15, 'VC density (>75%)', strftime('%Y-%m-%d %H:%M:%f','now', 'localtime'), strftime('%Y-%m-%d %H:%M:%f','now', 'localtime'), 'others');

INSERT INTO SERVICE(ID, OFFICE_ID, NAME, DATE_UPDATED, DATE_ADDED, STATUS) VALUES (196, 16, 'network HW standard', strftime('%Y-%m-%d %H:%M:%f','now', 'localtime'), strftime('%Y-%m-%d %H:%M:%f','now', 'localtime'), 'others');
INSERT INTO SERVICE(ID, OFFICE_ID, NAME, DATE_UPDATED, DATE_ADDED, STATUS) VALUES (197, 16, 'IDF standard', strftime('%Y-%m-%d %H:%M:%f','now', 'localtime'), strftime('%Y-%m-%d %H:%M:%f','now', 'localtime'), 'others');
INSERT INTO SERVICE(ID, OFFICE_ID, NAME, DATE_UPDATED, DATE_ADDED, STATUS) VALUES (198, 16, 'network bandwith', strftime('%Y-%m-%d %H:%M:%f','now', 'localtime'), strftime('%Y-%m-%d %H:%M:%f','now', 'localtime'), 'others');
INSERT INTO SERVICE(ID, OFFICE_ID, NAME, DATE_UPDATED, DATE_ADDED, STATUS) VALUES (199, 16, 'IT catalog', strftime('%Y-%m-%d %H:%M:%f','now', 'localtime'), strftime('%Y-%m-%d %H:%M:%f','now', 'localtime'), 'others');
INSERT INTO SERVICE(ID, OFFICE_ID, NAME, DATE_UPDATED, DATE_ADDED, STATUS) VALUES (200, 16, 'Room tools', strftime('%Y-%m-%d %H:%M:%f','now', 'localtime'), strftime('%Y-%m-%d %H:%M:%f','now', 'localtime'), 'others');
INSERT INTO SERVICE(ID, OFFICE_ID, NAME, DATE_UPDATED, DATE_ADDED, STATUS) VALUES (201, 16, 'Insights wall', strftime('%Y-%m-%d %H:%M:%f','now', 'localtime'), strftime('%Y-%m-%d %H:%M:%f','now', 'localtime'), 'others');
INSERT INTO SERVICE(ID, OFFICE_ID, NAME, DATE_UPDATED, DATE_ADDED, STATUS) VALUES (202, 16, 'Write on Me Wall', strftime('%Y-%m-%d %H:%M:%f','now', 'localtime'), strftime('%Y-%m-%d %H:%M:%f','now', 'localtime'), 'others');
INSERT INTO SERVICE(ID, OFFICE_ID, NAME, DATE_UPDATED, DATE_ADDED, STATUS) VALUES (203, 16, 'Vending Machine', strftime('%Y-%m-%d %H:%M:%f','now', 'localtime'), strftime('%Y-%m-%d %H:%M:%f','now', 'localtime'), 'others');
INSERT INTO SERVICE(ID, OFFICE_ID, NAME, DATE_UPDATED, DATE_ADDED, STATUS) VALUES (204, 16, 'WayFinder', strftime('%Y-%m-%d %H:%M:%f','now', 'localtime'), strftime('%Y-%m-%d %H:%M:%f','now', 'localtime'), 'others');
INSERT INTO SERVICE(ID, OFFICE_ID, NAME, DATE_UPDATED, DATE_ADDED, STATUS) VALUES (205, 16, 'HelpDesk', strftime('%Y-%m-%d %H:%M:%f','now', 'localtime'), strftime('%Y-%m-%d %H:%M:%f','now', 'localtime'), 'others');
INSERT INTO SERVICE(ID, OFFICE_ID, NAME, DATE_UPDATED, DATE_ADDED, STATUS) VALUES (206, 16, 'IT storage', strftime('%Y-%m-%d %H:%M:%f','now', 'localtime'), strftime('%Y-%m-%d %H:%M:%f','now', 'localtime'), 'others');
INSERT INTO SERVICE(ID, OFFICE_ID, NAME, DATE_UPDATED, DATE_ADDED, STATUS) VALUES (207, 16, 'AV/VC standards', strftime('%Y-%m-%d %H:%M:%f','now', 'localtime'), strftime('%Y-%m-%d %H:%M:%f','now', 'localtime'), 'others');
INSERT INTO SERVICE(ID, OFFICE_ID, NAME, DATE_UPDATED, DATE_ADDED, STATUS) VALUES (208, 16, 'VC density (>75%)', strftime('%Y-%m-%d %H:%M:%f','now', 'localtime'), strftime('%Y-%m-%d %H:%M:%f','now', 'localtime'), 'others');

INSERT INTO SERVICE(ID, OFFICE_ID, NAME, DATE_UPDATED, DATE_ADDED, STATUS) VALUES (209, 17, 'network HW standard', strftime('%Y-%m-%d %H:%M:%f','now', 'localtime'), strftime('%Y-%m-%d %H:%M:%f','now', 'localtime'), 'others');
INSERT INTO SERVICE(ID, OFFICE_ID, NAME, DATE_UPDATED, DATE_ADDED, STATUS) VALUES (210, 17, 'IDF standard', strftime('%Y-%m-%d %H:%M:%f','now', 'localtime'), strftime('%Y-%m-%d %H:%M:%f','now', 'localtime'), 'others');
INSERT INTO SERVICE(ID, OFFICE_ID, NAME, DATE_UPDATED, DATE_ADDED, STATUS) VALUES (211, 17, 'network bandwith', strftime('%Y-%m-%d %H:%M:%f','now', 'localtime'), strftime('%Y-%m-%d %H:%M:%f','now', 'localtime'), 'others');
INSERT INTO SERVICE(ID, OFFICE_ID, NAME, DATE_UPDATED, DATE_ADDED, STATUS) VALUES (212, 17, 'IT catalog', strftime('%Y-%m-%d %H:%M:%f','now', 'localtime'), strftime('%Y-%m-%d %H:%M:%f','now', 'localtime'), 'others');
INSERT INTO SERVICE(ID, OFFICE_ID, NAME, DATE_UPDATED, DATE_ADDED, STATUS) VALUES (213, 17, 'Room tools', strftime('%Y-%m-%d %H:%M:%f','now', 'localtime'), strftime('%Y-%m-%d %H:%M:%f','now', 'localtime'), 'others');
INSERT INTO SERVICE(ID, OFFICE_ID, NAME, DATE_UPDATED, DATE_ADDED, STATUS) VALUES (214, 17, 'Insights wall', strftime('%Y-%m-%d %H:%M:%f','now', 'localtime'), strftime('%Y-%m-%d %H:%M:%f','now', 'localtime'), 'others');
INSERT INTO SERVICE(ID, OFFICE_ID, NAME, DATE_UPDATED, DATE_ADDED, STATUS) VALUES (215, 17, 'Write on Me Wall', strftime('%Y-%m-%d %H:%M:%f','now', 'localtime'), strftime('%Y-%m-%d %H:%M:%f','now', 'localtime'), 'others');
INSERT INTO SERVICE(ID, OFFICE_ID, NAME, DATE_UPDATED, DATE_ADDED, STATUS) VALUES (216, 17, 'Vending Machine', strftime('%Y-%m-%d %H:%M:%f','now', 'localtime'), strftime('%Y-%m-%d %H:%M:%f','now', 'localtime'), 'others');
INSERT INTO SERVICE(ID, OFFICE_ID, NAME, DATE_UPDATED, DATE_ADDED, STATUS) VALUES (217, 17, 'WayFinder', strftime('%Y-%m-%d %H:%M:%f','now', 'localtime'), strftime('%Y-%m-%d %H:%M:%f','now', 'localtime'), 'others');
INSERT INTO SERVICE(ID, OFFICE_ID, NAME, DATE_UPDATED, DATE_ADDED, STATUS) VALUES (218, 17, 'HelpDesk', strftime('%Y-%m-%d %H:%M:%f','now', 'localtime'), strftime('%Y-%m-%d %H:%M:%f','now', 'localtime'), 'others');
INSERT INTO SERVICE(ID, OFFICE_ID, NAME, DATE_UPDATED, DATE_ADDED, STATUS) VALUES (219, 17, 'IT storage', strftime('%Y-%m-%d %H:%M:%f','now', 'localtime'), strftime('%Y-%m-%d %H:%M:%f','now', 'localtime'), 'others');
INSERT INTO SERVICE(ID, OFFICE_ID, NAME, DATE_UPDATED, DATE_ADDED, STATUS) VALUES (220, 17, 'AV/VC standards', strftime('%Y-%m-%d %H:%M:%f','now', 'localtime'), strftime('%Y-%m-%d %H:%M:%f','now', 'localtime'), 'others');
INSERT INTO SERVICE(ID, OFFICE_ID, NAME, DATE_UPDATED, DATE_ADDED, STATUS) VALUES (221, 17, 'VC density (>75%)', strftime('%Y-%m-%d %H:%M:%f','now', 'localtime'), strftime('%Y-%m-%d %H:%M:%f','now', 'localtime'), 'others');

INSERT INTO SERVICE(ID, OFFICE_ID, NAME, DATE_UPDATED, DATE_ADDED, STATUS) VALUES (222, 18, 'network HW standard', strftime('%Y-%m-%d %H:%M:%f','now', 'localtime'), strftime('%Y-%m-%d %H:%M:%f','now', 'localtime'), 'others');
INSERT INTO SERVICE(ID, OFFICE_ID, NAME, DATE_UPDATED, DATE_ADDED, STATUS) VALUES (223, 18, 'IDF standard', strftime('%Y-%m-%d %H:%M:%f','now', 'localtime'), strftime('%Y-%m-%d %H:%M:%f','now', 'localtime'), 'others');
INSERT INTO SERVICE(ID, OFFICE_ID, NAME, DATE_UPDATED, DATE_ADDED, STATUS) VALUES (224, 18, 'network bandwith', strftime('%Y-%m-%d %H:%M:%f','now', 'localtime'), strftime('%Y-%m-%d %H:%M:%f','now', 'localtime'), 'others');
INSERT INTO SERVICE(ID, OFFICE_ID, NAME, DATE_UPDATED, DATE_ADDED, STATUS) VALUES (225, 18, 'IT catalog', strftime('%Y-%m-%d %H:%M:%f','now', 'localtime'), strftime('%Y-%m-%d %H:%M:%f','now', 'localtime'), 'others');
INSERT INTO SERVICE(ID, OFFICE_ID, NAME, DATE_UPDATED, DATE_ADDED, STATUS) VALUES (226, 18, 'Room tools', strftime('%Y-%m-%d %H:%M:%f','now', 'localtime'), strftime('%Y-%m-%d %H:%M:%f','now', 'localtime'), 'others');
INSERT INTO SERVICE(ID, OFFICE_ID, NAME, DATE_UPDATED, DATE_ADDED, STATUS) VALUES (227, 18, 'Insights wall', strftime('%Y-%m-%d %H:%M:%f','now', 'localtime'), strftime('%Y-%m-%d %H:%M:%f','now', 'localtime'), 'others');
INSERT INTO SERVICE(ID, OFFICE_ID, NAME, DATE_UPDATED, DATE_ADDED, STATUS) VALUES (228, 18, 'Write on Me Wall', strftime('%Y-%m-%d %H:%M:%f','now', 'localtime'), strftime('%Y-%m-%d %H:%M:%f','now', 'localtime'), 'others');
INSERT INTO SERVICE(ID, OFFICE_ID, NAME, DATE_UPDATED, DATE_ADDED, STATUS) VALUES (229, 18, 'Vending Machine', strftime('%Y-%m-%d %H:%M:%f','now', 'localtime'), strftime('%Y-%m-%d %H:%M:%f','now', 'localtime'), 'others');
INSERT INTO SERVICE(ID, OFFICE_ID, NAME, DATE_UPDATED, DATE_ADDED, STATUS) VALUES (230, 18, 'WayFinder', strftime('%Y-%m-%d %H:%M:%f','now', 'localtime'), strftime('%Y-%m-%d %H:%M:%f','now', 'localtime'), 'others');
INSERT INTO SERVICE(ID, OFFICE_ID, NAME, DATE_UPDATED, DATE_ADDED, STATUS) VALUES (231, 18, 'HelpDesk', strftime('%Y-%m-%d %H:%M:%f','now', 'localtime'), strftime('%Y-%m-%d %H:%M:%f','now', 'localtime'), 'others');
INSERT INTO SERVICE(ID, OFFICE_ID, NAME, DATE_UPDATED, DATE_ADDED, STATUS) VALUES (232, 18, 'IT storage', strftime('%Y-%m-%d %H:%M:%f','now', 'localtime'), strftime('%Y-%m-%d %H:%M:%f','now', 'localtime'), 'others');
INSERT INTO SERVICE(ID, OFFICE_ID, NAME, DATE_UPDATED, DATE_ADDED, STATUS) VALUES (233, 18, 'AV/VC standards', strftime('%Y-%m-%d %H:%M:%f','now', 'localtime'), strftime('%Y-%m-%d %H:%M:%f','now', 'localtime'), 'others');
INSERT INTO SERVICE(ID, OFFICE_ID, NAME, DATE_UPDATED, DATE_ADDED, STATUS) VALUES (234, 18, 'VC density (>75%)', strftime('%Y-%m-%d %H:%M:%f','now', 'localtime'), strftime('%Y-%m-%d %H:%M:%f','now', 'localtime'), 'others');

INSERT INTO SERVICE(ID, OFFICE_ID, NAME, DATE_UPDATED, DATE_ADDED, STATUS) VALUES (235, 19, 'network HW standard', strftime('%Y-%m-%d %H:%M:%f','now', 'localtime'), strftime('%Y-%m-%d %H:%M:%f','now', 'localtime'), 'others');
INSERT INTO SERVICE(ID, OFFICE_ID, NAME, DATE_UPDATED, DATE_ADDED, STATUS) VALUES (236, 19, 'IDF standard', strftime('%Y-%m-%d %H:%M:%f','now', 'localtime'), strftime('%Y-%m-%d %H:%M:%f','now', 'localtime'), 'others');
INSERT INTO SERVICE(ID, OFFICE_ID, NAME, DATE_UPDATED, DATE_ADDED, STATUS) VALUES (237, 19, 'network bandwith', strftime('%Y-%m-%d %H:%M:%f','now', 'localtime'), strftime('%Y-%m-%d %H:%M:%f','now', 'localtime'), 'others');
INSERT INTO SERVICE(ID, OFFICE_ID, NAME, DATE_UPDATED, DATE_ADDED, STATUS) VALUES (238, 19, 'IT catalog', strftime('%Y-%m-%d %H:%M:%f','now', 'localtime'), strftime('%Y-%m-%d %H:%M:%f','now', 'localtime'), 'others');
INSERT INTO SERVICE(ID, OFFICE_ID, NAME, DATE_UPDATED, DATE_ADDED, STATUS) VALUES (239, 19, 'Room tools', strftime('%Y-%m-%d %H:%M:%f','now', 'localtime'), strftime('%Y-%m-%d %H:%M:%f','now', 'localtime'), 'others');
INSERT INTO SERVICE(ID, OFFICE_ID, NAME, DATE_UPDATED, DATE_ADDED, STATUS) VALUES (240, 19, 'Insights wall', strftime('%Y-%m-%d %H:%M:%f','now', 'localtime'), strftime('%Y-%m-%d %H:%M:%f','now', 'localtime'), 'others');
INSERT INTO SERVICE(ID, OFFICE_ID, NAME, DATE_UPDATED, DATE_ADDED, STATUS) VALUES (241, 19, 'Write on Me Wall', strftime('%Y-%m-%d %H:%M:%f','now', 'localtime'), strftime('%Y-%m-%d %H:%M:%f','now', 'localtime'), 'others');
INSERT INTO SERVICE(ID, OFFICE_ID, NAME, DATE_UPDATED, DATE_ADDED, STATUS) VALUES (242, 19, 'Vending Machine', strftime('%Y-%m-%d %H:%M:%f','now', 'localtime'), strftime('%Y-%m-%d %H:%M:%f','now', 'localtime'), 'others');
INSERT INTO SERVICE(ID, OFFICE_ID, NAME, DATE_UPDATED, DATE_ADDED, STATUS) VALUES (243, 19, 'WayFinder', strftime('%Y-%m-%d %H:%M:%f','now', 'localtime'), strftime('%Y-%m-%d %H:%M:%f','now', 'localtime'), 'others');
INSERT INTO SERVICE(ID, OFFICE_ID, NAME, DATE_UPDATED, DATE_ADDED, STATUS) VALUES (244, 19, 'HelpDesk', strftime('%Y-%m-%d %H:%M:%f','now', 'localtime'), strftime('%Y-%m-%d %H:%M:%f','now', 'localtime'), 'others');
INSERT INTO SERVICE(ID, OFFICE_ID, NAME, DATE_UPDATED, DATE_ADDED, STATUS) VALUES (245, 19, 'IT storage', strftime('%Y-%m-%d %H:%M:%f','now', 'localtime'), strftime('%Y-%m-%d %H:%M:%f','now', 'localtime'), 'others');
INSERT INTO SERVICE(ID, OFFICE_ID, NAME, DATE_UPDATED, DATE_ADDED, STATUS) VALUES (246, 19, 'AV/VC standards', strftime('%Y-%m-%d %H:%M:%f','now', 'localtime'), strftime('%Y-%m-%d %H:%M:%f','now', 'localtime'), 'others');
INSERT INTO SERVICE(ID, OFFICE_ID, NAME, DATE_UPDATED, DATE_ADDED, STATUS) VALUES (247, 19, 'VC density (>75%)', strftime('%Y-%m-%d %H:%M:%f','now', 'localtime'), strftime('%Y-%m-%d %H:%M:%f','now', 'localtime'), 'others');

INSERT INTO SERVICE(ID, OFFICE_ID, NAME, DATE_UPDATED, DATE_ADDED, STATUS) VALUES (248, 20, 'network HW standard', strftime('%Y-%m-%d %H:%M:%f','now', 'localtime'), strftime('%Y-%m-%d %H:%M:%f','now', 'localtime'), 'others');
INSERT INTO SERVICE(ID, OFFICE_ID, NAME, DATE_UPDATED, DATE_ADDED, STATUS) VALUES (249, 20, 'IDF standard', strftime('%Y-%m-%d %H:%M:%f','now', 'localtime'), strftime('%Y-%m-%d %H:%M:%f','now', 'localtime'), 'others');
INSERT INTO SERVICE(ID, OFFICE_ID, NAME, DATE_UPDATED, DATE_ADDED, STATUS) VALUES (250, 20, 'network bandwith', strftime('%Y-%m-%d %H:%M:%f','now', 'localtime'), strftime('%Y-%m-%d %H:%M:%f','now', 'localtime'), 'others');
INSERT INTO SERVICE(ID, OFFICE_ID, NAME, DATE_UPDATED, DATE_ADDED, STATUS) VALUES (251, 20, 'IT catalog', strftime('%Y-%m-%d %H:%M:%f','now', 'localtime'), strftime('%Y-%m-%d %H:%M:%f','now', 'localtime'), 'others');
INSERT INTO SERVICE(ID, OFFICE_ID, NAME, DATE_UPDATED, DATE_ADDED, STATUS) VALUES (252, 20, 'Room tools', strftime('%Y-%m-%d %H:%M:%f','now', 'localtime'), strftime('%Y-%m-%d %H:%M:%f','now', 'localtime'), 'others');
INSERT INTO SERVICE(ID, OFFICE_ID, NAME, DATE_UPDATED, DATE_ADDED, STATUS) VALUES (253, 20, 'Insights wall', strftime('%Y-%m-%d %H:%M:%f','now', 'localtime'), strftime('%Y-%m-%d %H:%M:%f','now', 'localtime'), 'others');
INSERT INTO SERVICE(ID, OFFICE_ID, NAME, DATE_UPDATED, DATE_ADDED, STATUS) VALUES (254, 20, 'Write on Me Wall', strftime('%Y-%m-%d %H:%M:%f','now', 'localtime'), strftime('%Y-%m-%d %H:%M:%f','now', 'localtime'), 'others');
INSERT INTO SERVICE(ID, OFFICE_ID, NAME, DATE_UPDATED, DATE_ADDED, STATUS) VALUES (255, 20, 'Vending Machine', strftime('%Y-%m-%d %H:%M:%f','now', 'localtime'), strftime('%Y-%m-%d %H:%M:%f','now', 'localtime'), 'others');
INSERT INTO SERVICE(ID, OFFICE_ID, NAME, DATE_UPDATED, DATE_ADDED, STATUS) VALUES (256, 20, 'WayFinder', strftime('%Y-%m-%d %H:%M:%f','now', 'localtime'), strftime('%Y-%m-%d %H:%M:%f','now', 'localtime'), 'others');
INSERT INTO SERVICE(ID, OFFICE_ID, NAME, DATE_UPDATED, DATE_ADDED, STATUS) VALUES (257, 20, 'HelpDesk', strftime('%Y-%m-%d %H:%M:%f','now', 'localtime'), strftime('%Y-%m-%d %H:%M:%f','now', 'localtime'), 'others');
INSERT INTO SERVICE(ID, OFFICE_ID, NAME, DATE_UPDATED, DATE_ADDED, STATUS) VALUES (258, 20, 'IT storage', strftime('%Y-%m-%d %H:%M:%f','now', 'localtime'), strftime('%Y-%m-%d %H:%M:%f','now', 'localtime'), 'others');
INSERT INTO SERVICE(ID, OFFICE_ID, NAME, DATE_UPDATED, DATE_ADDED, STATUS) VALUES (259, 20, 'AV/VC standards', strftime('%Y-%m-%d %H:%M:%f','now', 'localtime'), strftime('%Y-%m-%d %H:%M:%f','now', 'localtime'), 'others');
INSERT INTO SERVICE(ID, OFFICE_ID, NAME, DATE_UPDATED, DATE_ADDED, STATUS) VALUES (260, 20, 'VC density (>75%)', strftime('%Y-%m-%d %H:%M:%f','now', 'localtime'), strftime('%Y-%m-%d %H:%M:%f','now', 'localtime'), 'others');

INSERT INTO SERVICE(ID, OFFICE_ID, NAME, DATE_UPDATED, DATE_ADDED, STATUS) VALUES (261, 21, 'network HW standard', strftime('%Y-%m-%d %H:%M:%f','now', 'localtime'), strftime('%Y-%m-%d %H:%M:%f','now', 'localtime'), 'others');
INSERT INTO SERVICE(ID, OFFICE_ID, NAME, DATE_UPDATED, DATE_ADDED, STATUS) VALUES (262, 21, 'IDF standard', strftime('%Y-%m-%d %H:%M:%f','now', 'localtime'), strftime('%Y-%m-%d %H:%M:%f','now', 'localtime'), 'others');
INSERT INTO SERVICE(ID, OFFICE_ID, NAME, DATE_UPDATED, DATE_ADDED, STATUS) VALUES (263, 21, 'network bandwith', strftime('%Y-%m-%d %H:%M:%f','now', 'localtime'), strftime('%Y-%m-%d %H:%M:%f','now', 'localtime'), 'others');
INSERT INTO SERVICE(ID, OFFICE_ID, NAME, DATE_UPDATED, DATE_ADDED, STATUS) VALUES (264, 21, 'IT catalog', strftime('%Y-%m-%d %H:%M:%f','now', 'localtime'), strftime('%Y-%m-%d %H:%M:%f','now', 'localtime'), 'others');
INSERT INTO SERVICE(ID, OFFICE_ID, NAME, DATE_UPDATED, DATE_ADDED, STATUS) VALUES (265, 21, 'Room tools', strftime('%Y-%m-%d %H:%M:%f','now', 'localtime'), strftime('%Y-%m-%d %H:%M:%f','now', 'localtime'), 'others');
INSERT INTO SERVICE(ID, OFFICE_ID, NAME, DATE_UPDATED, DATE_ADDED, STATUS) VALUES (266, 21, 'Insights wall', strftime('%Y-%m-%d %H:%M:%f','now', 'localtime'), strftime('%Y-%m-%d %H:%M:%f','now', 'localtime'), 'others');
INSERT INTO SERVICE(ID, OFFICE_ID, NAME, DATE_UPDATED, DATE_ADDED, STATUS) VALUES (267, 21, 'Write on Me Wall', strftime('%Y-%m-%d %H:%M:%f','now', 'localtime'), strftime('%Y-%m-%d %H:%M:%f','now', 'localtime'), 'others');
INSERT INTO SERVICE(ID, OFFICE_ID, NAME, DATE_UPDATED, DATE_ADDED, STATUS) VALUES (268, 21, 'Vending Machine', strftime('%Y-%m-%d %H:%M:%f','now', 'localtime'), strftime('%Y-%m-%d %H:%M:%f','now', 'localtime'), 'others');
INSERT INTO SERVICE(ID, OFFICE_ID, NAME, DATE_UPDATED, DATE_ADDED, STATUS) VALUES (269, 21, 'WayFinder', strftime('%Y-%m-%d %H:%M:%f','now', 'localtime'), strftime('%Y-%m-%d %H:%M:%f','now', 'localtime'), 'others');
INSERT INTO SERVICE(ID, OFFICE_ID, NAME, DATE_UPDATED, DATE_ADDED, STATUS) VALUES (270, 21, 'HelpDesk', strftime('%Y-%m-%d %H:%M:%f','now', 'localtime'), strftime('%Y-%m-%d %H:%M:%f','now', 'localtime'), 'others');
INSERT INTO SERVICE(ID, OFFICE_ID, NAME, DATE_UPDATED, DATE_ADDED, STATUS) VALUES (271, 21, 'IT storage', strftime('%Y-%m-%d %H:%M:%f','now', 'localtime'), strftime('%Y-%m-%d %H:%M:%f','now', 'localtime'), 'others');
INSERT INTO SERVICE(ID, OFFICE_ID, NAME, DATE_UPDATED, DATE_ADDED, STATUS) VALUES (272, 21, 'AV/VC standards', strftime('%Y-%m-%d %H:%M:%f','now', 'localtime'), strftime('%Y-%m-%d %H:%M:%f','now', 'localtime'), 'others');
INSERT INTO SERVICE(ID, OFFICE_ID, NAME, DATE_UPDATED, DATE_ADDED, STATUS) VALUES (273, 21, 'VC density (>75%)', strftime('%Y-%m-%d %H:%M:%f','now', 'localtime'), strftime('%Y-%m-%d %H:%M:%f','now', 'localtime'), 'others');

INSERT INTO SERVICE(ID, OFFICE_ID, NAME, DATE_UPDATED, DATE_ADDED, STATUS) VALUES (274, 22, 'network HW standard', strftime('%Y-%m-%d %H:%M:%f','now', 'localtime'), strftime('%Y-%m-%d %H:%M:%f','now', 'localtime'), 'others');
INSERT INTO SERVICE(ID, OFFICE_ID, NAME, DATE_UPDATED, DATE_ADDED, STATUS) VALUES (275, 22, 'IDF standard', strftime('%Y-%m-%d %H:%M:%f','now', 'localtime'), strftime('%Y-%m-%d %H:%M:%f','now', 'localtime'), 'others');
INSERT INTO SERVICE(ID, OFFICE_ID, NAME, DATE_UPDATED, DATE_ADDED, STATUS) VALUES (276, 22, 'network bandwith', strftime('%Y-%m-%d %H:%M:%f','now', 'localtime'), strftime('%Y-%m-%d %H:%M:%f','now', 'localtime'), 'others');
INSERT INTO SERVICE(ID, OFFICE_ID, NAME, DATE_UPDATED, DATE_ADDED, STATUS) VALUES (277, 22, 'IT catalog', strftime('%Y-%m-%d %H:%M:%f','now', 'localtime'), strftime('%Y-%m-%d %H:%M:%f','now', 'localtime'), 'others');
INSERT INTO SERVICE(ID, OFFICE_ID, NAME, DATE_UPDATED, DATE_ADDED, STATUS) VALUES (278, 22, 'Room tools', strftime('%Y-%m-%d %H:%M:%f','now', 'localtime'), strftime('%Y-%m-%d %H:%M:%f','now', 'localtime'), 'others');
INSERT INTO SERVICE(ID, OFFICE_ID, NAME, DATE_UPDATED, DATE_ADDED, STATUS) VALUES (279, 22, 'Insights wall', strftime('%Y-%m-%d %H:%M:%f','now', 'localtime'), strftime('%Y-%m-%d %H:%M:%f','now', 'localtime'), 'others');
INSERT INTO SERVICE(ID, OFFICE_ID, NAME, DATE_UPDATED, DATE_ADDED, STATUS) VALUES (280, 22, 'Write on Me Wall', strftime('%Y-%m-%d %H:%M:%f','now', 'localtime'), strftime('%Y-%m-%d %H:%M:%f','now', 'localtime'), 'others');
INSERT INTO SERVICE(ID, OFFICE_ID, NAME, DATE_UPDATED, DATE_ADDED, STATUS) VALUES (281, 22, 'Vending Machine', strftime('%Y-%m-%d %H:%M:%f','now', 'localtime'), strftime('%Y-%m-%d %H:%M:%f','now', 'localtime'), 'others');
INSERT INTO SERVICE(ID, OFFICE_ID, NAME, DATE_UPDATED, DATE_ADDED, STATUS) VALUES (282, 22, 'WayFinder', strftime('%Y-%m-%d %H:%M:%f','now', 'localtime'), strftime('%Y-%m-%d %H:%M:%f','now', 'localtime'), 'others');
INSERT INTO SERVICE(ID, OFFICE_ID, NAME, DATE_UPDATED, DATE_ADDED, STATUS) VALUES (283, 22, 'HelpDesk', strftime('%Y-%m-%d %H:%M:%f','now', 'localtime'), strftime('%Y-%m-%d %H:%M:%f','now', 'localtime'), 'others');
INSERT INTO SERVICE(ID, OFFICE_ID, NAME, DATE_UPDATED, DATE_ADDED, STATUS) VALUES (284, 22, 'IT storage', strftime('%Y-%m-%d %H:%M:%f','now', 'localtime'), strftime('%Y-%m-%d %H:%M:%f','now', 'localtime'), 'others');
INSERT INTO SERVICE(ID, OFFICE_ID, NAME, DATE_UPDATED, DATE_ADDED, STATUS) VALUES (285, 22, 'AV/VC standards', strftime('%Y-%m-%d %H:%M:%f','now', 'localtime'), strftime('%Y-%m-%d %H:%M:%f','now', 'localtime'), 'others');
INSERT INTO SERVICE(ID, OFFICE_ID, NAME, DATE_UPDATED, DATE_ADDED, STATUS) VALUES (286, 22, 'VC density (>75%)', strftime('%Y-%m-%d %H:%M:%f','now', 'localtime'), strftime('%Y-%m-%d %H:%M:%f','now', 'localtime'), 'others');

INSERT INTO SERVICE(ID, OFFICE_ID, NAME, DATE_UPDATED, DATE_ADDED, STATUS) VALUES (287, 23, 'network HW standard', strftime('%Y-%m-%d %H:%M:%f','now', 'localtime'), strftime('%Y-%m-%d %H:%M:%f','now', 'localtime'), 'others');
INSERT INTO SERVICE(ID, OFFICE_ID, NAME, DATE_UPDATED, DATE_ADDED, STATUS) VALUES (288, 23, 'IDF standard', strftime('%Y-%m-%d %H:%M:%f','now', 'localtime'), strftime('%Y-%m-%d %H:%M:%f','now', 'localtime'), 'others');
INSERT INTO SERVICE(ID, OFFICE_ID, NAME, DATE_UPDATED, DATE_ADDED, STATUS) VALUES (289, 23, 'network bandwith', strftime('%Y-%m-%d %H:%M:%f','now', 'localtime'), strftime('%Y-%m-%d %H:%M:%f','now', 'localtime'), 'others');
INSERT INTO SERVICE(ID, OFFICE_ID, NAME, DATE_UPDATED, DATE_ADDED, STATUS) VALUES (290, 23, 'IT catalog', strftime('%Y-%m-%d %H:%M:%f','now', 'localtime'), strftime('%Y-%m-%d %H:%M:%f','now', 'localtime'), 'others');
INSERT INTO SERVICE(ID, OFFICE_ID, NAME, DATE_UPDATED, DATE_ADDED, STATUS) VALUES (291, 23, 'Room tools', strftime('%Y-%m-%d %H:%M:%f','now', 'localtime'), strftime('%Y-%m-%d %H:%M:%f','now', 'localtime'), 'others');
INSERT INTO SERVICE(ID, OFFICE_ID, NAME, DATE_UPDATED, DATE_ADDED, STATUS) VALUES (292, 23, 'Insights wall', strftime('%Y-%m-%d %H:%M:%f','now', 'localtime'), strftime('%Y-%m-%d %H:%M:%f','now', 'localtime'), 'others');
INSERT INTO SERVICE(ID, OFFICE_ID, NAME, DATE_UPDATED, DATE_ADDED, STATUS) VALUES (293, 23, 'Write on Me Wall', strftime('%Y-%m-%d %H:%M:%f','now', 'localtime'), strftime('%Y-%m-%d %H:%M:%f','now', 'localtime'), 'others');
INSERT INTO SERVICE(ID, OFFICE_ID, NAME, DATE_UPDATED, DATE_ADDED, STATUS) VALUES (294, 23, 'Vending Machine', strftime('%Y-%m-%d %H:%M:%f','now', 'localtime'), strftime('%Y-%m-%d %H:%M:%f','now', 'localtime'), 'others');
INSERT INTO SERVICE(ID, OFFICE_ID, NAME, DATE_UPDATED, DATE_ADDED, STATUS) VALUES (295, 23, 'WayFinder', strftime('%Y-%m-%d %H:%M:%f','now', 'localtime'), strftime('%Y-%m-%d %H:%M:%f','now', 'localtime'), 'others');
INSERT INTO SERVICE(ID, OFFICE_ID, NAME, DATE_UPDATED, DATE_ADDED, STATUS) VALUES (296, 23, 'HelpDesk', strftime('%Y-%m-%d %H:%M:%f','now', 'localtime'), strftime('%Y-%m-%d %H:%M:%f','now', 'localtime'), 'others');
INSERT INTO SERVICE(ID, OFFICE_ID, NAME, DATE_UPDATED, DATE_ADDED, STATUS) VALUES (297, 23, 'IT storage', strftime('%Y-%m-%d %H:%M:%f','now', 'localtime'), strftime('%Y-%m-%d %H:%M:%f','now', 'localtime'), 'others');
INSERT INTO SERVICE(ID, OFFICE_ID, NAME, DATE_UPDATED, DATE_ADDED, STATUS) VALUES (298, 23, 'AV/VC standards', strftime('%Y-%m-%d %H:%M:%f','now', 'localtime'), strftime('%Y-%m-%d %H:%M:%f','now', 'localtime'), 'others');
INSERT INTO SERVICE(ID, OFFICE_ID, NAME, DATE_UPDATED, DATE_ADDED, STATUS) VALUES (299, 23, 'VC density (>75%)', strftime('%Y-%m-%d %H:%M:%f','now', 'localtime'), strftime('%Y-%m-%d %H:%M:%f','now', 'localtime'), 'others');

INSERT INTO SERVICE(ID, OFFICE_ID, NAME, DATE_UPDATED, DATE_ADDED, STATUS) VALUES (300, 24, 'network HW standard', strftime('%Y-%m-%d %H:%M:%f','now', 'localtime'), strftime('%Y-%m-%d %H:%M:%f','now', 'localtime'), 'others');
INSERT INTO SERVICE(ID, OFFICE_ID, NAME, DATE_UPDATED, DATE_ADDED, STATUS) VALUES (301, 24, 'IDF standard', strftime('%Y-%m-%d %H:%M:%f','now', 'localtime'), strftime('%Y-%m-%d %H:%M:%f','now', 'localtime'), 'others');
INSERT INTO SERVICE(ID, OFFICE_ID, NAME, DATE_UPDATED, DATE_ADDED, STATUS) VALUES (302, 24, 'network bandwith', strftime('%Y-%m-%d %H:%M:%f','now', 'localtime'), strftime('%Y-%m-%d %H:%M:%f','now', 'localtime'), 'others');
INSERT INTO SERVICE(ID, OFFICE_ID, NAME, DATE_UPDATED, DATE_ADDED, STATUS) VALUES (303, 24, 'IT catalog', strftime('%Y-%m-%d %H:%M:%f','now', 'localtime'), strftime('%Y-%m-%d %H:%M:%f','now', 'localtime'), 'others');
INSERT INTO SERVICE(ID, OFFICE_ID, NAME, DATE_UPDATED, DATE_ADDED, STATUS) VALUES (304, 24, 'Room tools', strftime('%Y-%m-%d %H:%M:%f','now', 'localtime'), strftime('%Y-%m-%d %H:%M:%f','now', 'localtime'), 'others');
INSERT INTO SERVICE(ID, OFFICE_ID, NAME, DATE_UPDATED, DATE_ADDED, STATUS) VALUES (305, 24, 'Insights wall', strftime('%Y-%m-%d %H:%M:%f','now', 'localtime'), strftime('%Y-%m-%d %H:%M:%f','now', 'localtime'), 'others');
INSERT INTO SERVICE(ID, OFFICE_ID, NAME, DATE_UPDATED, DATE_ADDED, STATUS) VALUES (306, 24, 'Write on Me Wall', strftime('%Y-%m-%d %H:%M:%f','now', 'localtime'), strftime('%Y-%m-%d %H:%M:%f','now', 'localtime'), 'others');
INSERT INTO SERVICE(ID, OFFICE_ID, NAME, DATE_UPDATED, DATE_ADDED, STATUS) VALUES (307, 24, 'Vending Machine', strftime('%Y-%m-%d %H:%M:%f','now', 'localtime'), strftime('%Y-%m-%d %H:%M:%f','now', 'localtime'), 'others');
INSERT INTO SERVICE(ID, OFFICE_ID, NAME, DATE_UPDATED, DATE_ADDED, STATUS) VALUES (308, 24, 'WayFinder', strftime('%Y-%m-%d %H:%M:%f','now', 'localtime'), strftime('%Y-%m-%d %H:%M:%f','now', 'localtime'), 'others');
INSERT INTO SERVICE(ID, OFFICE_ID, NAME, DATE_UPDATED, DATE_ADDED, STATUS) VALUES (309, 24, 'HelpDesk', strftime('%Y-%m-%d %H:%M:%f','now', 'localtime'), strftime('%Y-%m-%d %H:%M:%f','now', 'localtime'), 'others');
INSERT INTO SERVICE(ID, OFFICE_ID, NAME, DATE_UPDATED, DATE_ADDED, STATUS) VALUES (310, 24, 'IT storage', strftime('%Y-%m-%d %H:%M:%f','now', 'localtime'), strftime('%Y-%m-%d %H:%M:%f','now', 'localtime'), 'others');
INSERT INTO SERVICE(ID, OFFICE_ID, NAME, DATE_UPDATED, DATE_ADDED, STATUS) VALUES (311, 24, 'AV/VC standards', strftime('%Y-%m-%d %H:%M:%f','now', 'localtime'), strftime('%Y-%m-%d %H:%M:%f','now', 'localtime'), 'others');
INSERT INTO SERVICE(ID, OFFICE_ID, NAME, DATE_UPDATED, DATE_ADDED, STATUS) VALUES (312, 24, 'VC density (>75%)', strftime('%Y-%m-%d %H:%M:%f','now', 'localtime'), strftime('%Y-%m-%d %H:%M:%f','now', 'localtime'), 'others');

INSERT INTO SERVICE(ID, OFFICE_ID, NAME, DATE_UPDATED, DATE_ADDED, STATUS) VALUES (313, 25, 'network HW standard', strftime('%Y-%m-%d %H:%M:%f','now', 'localtime'), strftime('%Y-%m-%d %H:%M:%f','now', 'localtime'), 'others');
INSERT INTO SERVICE(ID, OFFICE_ID, NAME, DATE_UPDATED, DATE_ADDED, STATUS) VALUES (314, 25, 'IDF standard', strftime('%Y-%m-%d %H:%M:%f','now', 'localtime'), strftime('%Y-%m-%d %H:%M:%f','now', 'localtime'), 'others');
INSERT INTO SERVICE(ID, OFFICE_ID, NAME, DATE_UPDATED, DATE_ADDED, STATUS) VALUES (315, 25, 'network bandwith', strftime('%Y-%m-%d %H:%M:%f','now', 'localtime'), strftime('%Y-%m-%d %H:%M:%f','now', 'localtime'), 'others');
INSERT INTO SERVICE(ID, OFFICE_ID, NAME, DATE_UPDATED, DATE_ADDED, STATUS) VALUES (316, 25, 'IT catalog', strftime('%Y-%m-%d %H:%M:%f','now', 'localtime'), strftime('%Y-%m-%d %H:%M:%f','now', 'localtime'), 'others');
INSERT INTO SERVICE(ID, OFFICE_ID, NAME, DATE_UPDATED, DATE_ADDED, STATUS) VALUES (317, 25, 'Room tools', strftime('%Y-%m-%d %H:%M:%f','now', 'localtime'), strftime('%Y-%m-%d %H:%M:%f','now', 'localtime'), 'others');
INSERT INTO SERVICE(ID, OFFICE_ID, NAME, DATE_UPDATED, DATE_ADDED, STATUS) VALUES (318, 25, 'Insights wall', strftime('%Y-%m-%d %H:%M:%f','now', 'localtime'), strftime('%Y-%m-%d %H:%M:%f','now', 'localtime'), 'others');
INSERT INTO SERVICE(ID, OFFICE_ID, NAME, DATE_UPDATED, DATE_ADDED, STATUS) VALUES (319, 25, 'Write on Me Wall', strftime('%Y-%m-%d %H:%M:%f','now', 'localtime'), strftime('%Y-%m-%d %H:%M:%f','now', 'localtime'), 'others');
INSERT INTO SERVICE(ID, OFFICE_ID, NAME, DATE_UPDATED, DATE_ADDED, STATUS) VALUES (320, 25, 'Vending Machine', strftime('%Y-%m-%d %H:%M:%f','now', 'localtime'), strftime('%Y-%m-%d %H:%M:%f','now', 'localtime'), 'others');
INSERT INTO SERVICE(ID, OFFICE_ID, NAME, DATE_UPDATED, DATE_ADDED, STATUS) VALUES (321, 25, 'WayFinder', strftime('%Y-%m-%d %H:%M:%f','now', 'localtime'), strftime('%Y-%m-%d %H:%M:%f','now', 'localtime'), 'others');
INSERT INTO SERVICE(ID, OFFICE_ID, NAME, DATE_UPDATED, DATE_ADDED, STATUS) VALUES (322, 25, 'HelpDesk', strftime('%Y-%m-%d %H:%M:%f','now', 'localtime'), strftime('%Y-%m-%d %H:%M:%f','now', 'localtime'), 'others');
INSERT INTO SERVICE(ID, OFFICE_ID, NAME, DATE_UPDATED, DATE_ADDED, STATUS) VALUES (323, 25, 'IT storage', strftime('%Y-%m-%d %H:%M:%f','now', 'localtime'), strftime('%Y-%m-%d %H:%M:%f','now', 'localtime'), 'others');
INSERT INTO SERVICE(ID, OFFICE_ID, NAME, DATE_UPDATED, DATE_ADDED, STATUS) VALUES (324, 25, 'AV/VC standards', strftime('%Y-%m-%d %H:%M:%f','now', 'localtime'), strftime('%Y-%m-%d %H:%M:%f','now', 'localtime'), 'others');
INSERT INTO SERVICE(ID, OFFICE_ID, NAME, DATE_UPDATED, DATE_ADDED, STATUS) VALUES (325, 25, 'VC density (>75%)', strftime('%Y-%m-%d %H:%M:%f','now', 'localtime'), strftime('%Y-%m-%d %H:%M:%f','now', 'localtime'), 'others');

INSERT INTO SERVICE(ID, OFFICE_ID, NAME, DATE_UPDATED, DATE_ADDED, STATUS) VALUES (326, 26, 'network HW standard', strftime('%Y-%m-%d %H:%M:%f','now', 'localtime'), strftime('%Y-%m-%d %H:%M:%f','now', 'localtime'), 'others');
INSERT INTO SERVICE(ID, OFFICE_ID, NAME, DATE_UPDATED, DATE_ADDED, STATUS) VALUES (327, 26, 'IDF standard', strftime('%Y-%m-%d %H:%M:%f','now', 'localtime'), strftime('%Y-%m-%d %H:%M:%f','now', 'localtime'), 'others');
INSERT INTO SERVICE(ID, OFFICE_ID, NAME, DATE_UPDATED, DATE_ADDED, STATUS) VALUES (328, 26, 'network bandwith', strftime('%Y-%m-%d %H:%M:%f','now', 'localtime'), strftime('%Y-%m-%d %H:%M:%f','now', 'localtime'), 'others');
INSERT INTO SERVICE(ID, OFFICE_ID, NAME, DATE_UPDATED, DATE_ADDED, STATUS) VALUES (329, 26, 'IT catalog', strftime('%Y-%m-%d %H:%M:%f','now', 'localtime'), strftime('%Y-%m-%d %H:%M:%f','now', 'localtime'), 'others');
INSERT INTO SERVICE(ID, OFFICE_ID, NAME, DATE_UPDATED, DATE_ADDED, STATUS) VALUES (330, 26, 'Room tools', strftime('%Y-%m-%d %H:%M:%f','now', 'localtime'), strftime('%Y-%m-%d %H:%M:%f','now', 'localtime'), 'others');
INSERT INTO SERVICE(ID, OFFICE_ID, NAME, DATE_UPDATED, DATE_ADDED, STATUS) VALUES (331, 26, 'Insights wall', strftime('%Y-%m-%d %H:%M:%f','now', 'localtime'), strftime('%Y-%m-%d %H:%M:%f','now', 'localtime'), 'others');
INSERT INTO SERVICE(ID, OFFICE_ID, NAME, DATE_UPDATED, DATE_ADDED, STATUS) VALUES (332, 26, 'Write on Me Wall', strftime('%Y-%m-%d %H:%M:%f','now', 'localtime'), strftime('%Y-%m-%d %H:%M:%f','now', 'localtime'), 'others');
INSERT INTO SERVICE(ID, OFFICE_ID, NAME, DATE_UPDATED, DATE_ADDED, STATUS) VALUES (333, 26, 'Vending Machine', strftime('%Y-%m-%d %H:%M:%f','now', 'localtime'), strftime('%Y-%m-%d %H:%M:%f','now', 'localtime'), 'others');
INSERT INTO SERVICE(ID, OFFICE_ID, NAME, DATE_UPDATED, DATE_ADDED, STATUS) VALUES (334, 26, 'WayFinder', strftime('%Y-%m-%d %H:%M:%f','now', 'localtime'), strftime('%Y-%m-%d %H:%M:%f','now', 'localtime'), 'others');
INSERT INTO SERVICE(ID, OFFICE_ID, NAME, DATE_UPDATED, DATE_ADDED, STATUS) VALUES (335, 26, 'HelpDesk', strftime('%Y-%m-%d %H:%M:%f','now', 'localtime'), strftime('%Y-%m-%d %H:%M:%f','now', 'localtime'), 'others');
INSERT INTO SERVICE(ID, OFFICE_ID, NAME, DATE_UPDATED, DATE_ADDED, STATUS) VALUES (336, 26, 'IT storage', strftime('%Y-%m-%d %H:%M:%f','now', 'localtime'), strftime('%Y-%m-%d %H:%M:%f','now', 'localtime'), 'others');
INSERT INTO SERVICE(ID, OFFICE_ID, NAME, DATE_UPDATED, DATE_ADDED, STATUS) VALUES (337, 26, 'AV/VC standards', strftime('%Y-%m-%d %H:%M:%f','now', 'localtime'), strftime('%Y-%m-%d %H:%M:%f','now', 'localtime'), 'others');
INSERT INTO SERVICE(ID, OFFICE_ID, NAME, DATE_UPDATED, DATE_ADDED, STATUS) VALUES (338, 26, 'VC density (>75%)', strftime('%Y-%m-%d %H:%M:%f','now', 'localtime'), strftime('%Y-%m-%d %H:%M:%f','now', 'localtime'), 'others');

INSERT INTO SERVICE(ID, OFFICE_ID, NAME, DATE_UPDATED, DATE_ADDED, STATUS) VALUES (339, 27, 'network HW standard', strftime('%Y-%m-%d %H:%M:%f','now', 'localtime'), strftime('%Y-%m-%d %H:%M:%f','now', 'localtime'), 'others');
INSERT INTO SERVICE(ID, OFFICE_ID, NAME, DATE_UPDATED, DATE_ADDED, STATUS) VALUES (340, 27, 'IDF standard', strftime('%Y-%m-%d %H:%M:%f','now', 'localtime'), strftime('%Y-%m-%d %H:%M:%f','now', 'localtime'), 'others');
INSERT INTO SERVICE(ID, OFFICE_ID, NAME, DATE_UPDATED, DATE_ADDED, STATUS) VALUES (341, 27, 'network bandwith', strftime('%Y-%m-%d %H:%M:%f','now', 'localtime'), strftime('%Y-%m-%d %H:%M:%f','now', 'localtime'), 'others');
INSERT INTO SERVICE(ID, OFFICE_ID, NAME, DATE_UPDATED, DATE_ADDED, STATUS) VALUES (342, 27, 'IT catalog', strftime('%Y-%m-%d %H:%M:%f','now', 'localtime'), strftime('%Y-%m-%d %H:%M:%f','now', 'localtime'), 'others');
INSERT INTO SERVICE(ID, OFFICE_ID, NAME, DATE_UPDATED, DATE_ADDED, STATUS) VALUES (343, 27, 'Room tools', strftime('%Y-%m-%d %H:%M:%f','now', 'localtime'), strftime('%Y-%m-%d %H:%M:%f','now', 'localtime'), 'others');
INSERT INTO SERVICE(ID, OFFICE_ID, NAME, DATE_UPDATED, DATE_ADDED, STATUS) VALUES (344, 27, 'Insights wall', strftime('%Y-%m-%d %H:%M:%f','now', 'localtime'), strftime('%Y-%m-%d %H:%M:%f','now', 'localtime'), 'others');
INSERT INTO SERVICE(ID, OFFICE_ID, NAME, DATE_UPDATED, DATE_ADDED, STATUS) VALUES (345, 27, 'Write on Me Wall', strftime('%Y-%m-%d %H:%M:%f','now', 'localtime'), strftime('%Y-%m-%d %H:%M:%f','now', 'localtime'), 'others');
INSERT INTO SERVICE(ID, OFFICE_ID, NAME, DATE_UPDATED, DATE_ADDED, STATUS) VALUES (346, 27, 'Vending Machine', strftime('%Y-%m-%d %H:%M:%f','now', 'localtime'), strftime('%Y-%m-%d %H:%M:%f','now', 'localtime'), 'others');
INSERT INTO SERVICE(ID, OFFICE_ID, NAME, DATE_UPDATED, DATE_ADDED, STATUS) VALUES (347, 27, 'WayFinder', strftime('%Y-%m-%d %H:%M:%f','now', 'localtime'), strftime('%Y-%m-%d %H:%M:%f','now', 'localtime'), 'others');
INSERT INTO SERVICE(ID, OFFICE_ID, NAME, DATE_UPDATED, DATE_ADDED, STATUS) VALUES (348, 27, 'HelpDesk', strftime('%Y-%m-%d %H:%M:%f','now', 'localtime'), strftime('%Y-%m-%d %H:%M:%f','now', 'localtime'), 'others');
INSERT INTO SERVICE(ID, OFFICE_ID, NAME, DATE_UPDATED, DATE_ADDED, STATUS) VALUES (349, 27, 'IT storage', strftime('%Y-%m-%d %H:%M:%f','now', 'localtime'), strftime('%Y-%m-%d %H:%M:%f','now', 'localtime'), 'others');
INSERT INTO SERVICE(ID, OFFICE_ID, NAME, DATE_UPDATED, DATE_ADDED, STATUS) VALUES (350, 27, 'AV/VC standards', strftime('%Y-%m-%d %H:%M:%f','now', 'localtime'), strftime('%Y-%m-%d %H:%M:%f','now', 'localtime'), 'others');
INSERT INTO SERVICE(ID, OFFICE_ID, NAME, DATE_UPDATED, DATE_ADDED, STATUS) VALUES (351, 27, 'VC density (>75%)', strftime('%Y-%m-%d %H:%M:%f','now', 'localtime'), strftime('%Y-%m-%d %H:%M:%f','now', 'localtime'), 'others');

INSERT INTO SERVICE(ID, OFFICE_ID, NAME, DATE_UPDATED, DATE_ADDED, STATUS) VALUES (352, 28, 'network HW standard', strftime('%Y-%m-%d %H:%M:%f','now', 'localtime'), strftime('%Y-%m-%d %H:%M:%f','now', 'localtime'), 'others');
INSERT INTO SERVICE(ID, OFFICE_ID, NAME, DATE_UPDATED, DATE_ADDED, STATUS) VALUES (353, 28, 'IDF standard', strftime('%Y-%m-%d %H:%M:%f','now', 'localtime'), strftime('%Y-%m-%d %H:%M:%f','now', 'localtime'), 'others');
INSERT INTO SERVICE(ID, OFFICE_ID, NAME, DATE_UPDATED, DATE_ADDED, STATUS) VALUES (354, 28, 'network bandwith', strftime('%Y-%m-%d %H:%M:%f','now', 'localtime'), strftime('%Y-%m-%d %H:%M:%f','now', 'localtime'), 'others');
INSERT INTO SERVICE(ID, OFFICE_ID, NAME, DATE_UPDATED, DATE_ADDED, STATUS) VALUES (355, 28, 'IT catalog', strftime('%Y-%m-%d %H:%M:%f','now', 'localtime'), strftime('%Y-%m-%d %H:%M:%f','now', 'localtime'), 'others');
INSERT INTO SERVICE(ID, OFFICE_ID, NAME, DATE_UPDATED, DATE_ADDED, STATUS) VALUES (356, 28, 'Room tools', strftime('%Y-%m-%d %H:%M:%f','now', 'localtime'), strftime('%Y-%m-%d %H:%M:%f','now', 'localtime'), 'others');
INSERT INTO SERVICE(ID, OFFICE_ID, NAME, DATE_UPDATED, DATE_ADDED, STATUS) VALUES (357, 28, 'Insights wall', strftime('%Y-%m-%d %H:%M:%f','now', 'localtime'), strftime('%Y-%m-%d %H:%M:%f','now', 'localtime'), 'others');
INSERT INTO SERVICE(ID, OFFICE_ID, NAME, DATE_UPDATED, DATE_ADDED, STATUS) VALUES (358, 28, 'Write on Me Wall', strftime('%Y-%m-%d %H:%M:%f','now', 'localtime'), strftime('%Y-%m-%d %H:%M:%f','now', 'localtime'), 'others');
INSERT INTO SERVICE(ID, OFFICE_ID, NAME, DATE_UPDATED, DATE_ADDED, STATUS) VALUES (359, 28, 'Vending Machine', strftime('%Y-%m-%d %H:%M:%f','now', 'localtime'), strftime('%Y-%m-%d %H:%M:%f','now', 'localtime'), 'others');
INSERT INTO SERVICE(ID, OFFICE_ID, NAME, DATE_UPDATED, DATE_ADDED, STATUS) VALUES (360, 28, 'WayFinder', strftime('%Y-%m-%d %H:%M:%f','now', 'localtime'), strftime('%Y-%m-%d %H:%M:%f','now', 'localtime'), 'others');
INSERT INTO SERVICE(ID, OFFICE_ID, NAME, DATE_UPDATED, DATE_ADDED, STATUS) VALUES (361, 28, 'HelpDesk', strftime('%Y-%m-%d %H:%M:%f','now', 'localtime'), strftime('%Y-%m-%d %H:%M:%f','now', 'localtime'), 'others');
INSERT INTO SERVICE(ID, OFFICE_ID, NAME, DATE_UPDATED, DATE_ADDED, STATUS) VALUES (362, 28, 'IT storage', strftime('%Y-%m-%d %H:%M:%f','now', 'localtime'), strftime('%Y-%m-%d %H:%M:%f','now', 'localtime'), 'others');
INSERT INTO SERVICE(ID, OFFICE_ID, NAME, DATE_UPDATED, DATE_ADDED, STATUS) VALUES (363, 28, 'AV/VC standards', strftime('%Y-%m-%d %H:%M:%f','now', 'localtime'), strftime('%Y-%m-%d %H:%M:%f','now', 'localtime'), 'others');
INSERT INTO SERVICE(ID, OFFICE_ID, NAME, DATE_UPDATED, DATE_ADDED, STATUS) VALUES (364, 28, 'VC density (>75%)', strftime('%Y-%m-%d %H:%M:%f','now', 'localtime'), strftime('%Y-%m-%d %H:%M:%f','now', 'localtime'), 'others');

INSERT INTO SERVICE(ID, OFFICE_ID, NAME, DATE_UPDATED, DATE_ADDED, STATUS) VALUES (365, 29, 'network HW standard', strftime('%Y-%m-%d %H:%M:%f','now', 'localtime'), strftime('%Y-%m-%d %H:%M:%f','now', 'localtime'), 'others');
INSERT INTO SERVICE(ID, OFFICE_ID, NAME, DATE_UPDATED, DATE_ADDED, STATUS) VALUES (366, 29, 'IDF standard', strftime('%Y-%m-%d %H:%M:%f','now', 'localtime'), strftime('%Y-%m-%d %H:%M:%f','now', 'localtime'), 'others');
INSERT INTO SERVICE(ID, OFFICE_ID, NAME, DATE_UPDATED, DATE_ADDED, STATUS) VALUES (367, 29, 'network bandwith', strftime('%Y-%m-%d %H:%M:%f','now', 'localtime'), strftime('%Y-%m-%d %H:%M:%f','now', 'localtime'), 'others');
INSERT INTO SERVICE(ID, OFFICE_ID, NAME, DATE_UPDATED, DATE_ADDED, STATUS) VALUES (368, 29, 'IT catalog', strftime('%Y-%m-%d %H:%M:%f','now', 'localtime'), strftime('%Y-%m-%d %H:%M:%f','now', 'localtime'), 'others');
INSERT INTO SERVICE(ID, OFFICE_ID, NAME, DATE_UPDATED, DATE_ADDED, STATUS) VALUES (369, 29, 'Room tools', strftime('%Y-%m-%d %H:%M:%f','now', 'localtime'), strftime('%Y-%m-%d %H:%M:%f','now', 'localtime'), 'others');
INSERT INTO SERVICE(ID, OFFICE_ID, NAME, DATE_UPDATED, DATE_ADDED, STATUS) VALUES (370, 29, 'Insights wall', strftime('%Y-%m-%d %H:%M:%f','now', 'localtime'), strftime('%Y-%m-%d %H:%M:%f','now', 'localtime'), 'others');
INSERT INTO SERVICE(ID, OFFICE_ID, NAME, DATE_UPDATED, DATE_ADDED, STATUS) VALUES (371, 29, 'Write on Me Wall', strftime('%Y-%m-%d %H:%M:%f','now', 'localtime'), strftime('%Y-%m-%d %H:%M:%f','now', 'localtime'), 'others');
INSERT INTO SERVICE(ID, OFFICE_ID, NAME, DATE_UPDATED, DATE_ADDED, STATUS) VALUES (372, 29, 'Vending Machine', strftime('%Y-%m-%d %H:%M:%f','now', 'localtime'), strftime('%Y-%m-%d %H:%M:%f','now', 'localtime'), 'others');
INSERT INTO SERVICE(ID, OFFICE_ID, NAME, DATE_UPDATED, DATE_ADDED, STATUS) VALUES (373, 29, 'WayFinder', strftime('%Y-%m-%d %H:%M:%f','now', 'localtime'), strftime('%Y-%m-%d %H:%M:%f','now', 'localtime'), 'others');
INSERT INTO SERVICE(ID, OFFICE_ID, NAME, DATE_UPDATED, DATE_ADDED, STATUS) VALUES (374, 29, 'HelpDesk', strftime('%Y-%m-%d %H:%M:%f','now', 'localtime'), strftime('%Y-%m-%d %H:%M:%f','now', 'localtime'), 'others');
INSERT INTO SERVICE(ID, OFFICE_ID, NAME, DATE_UPDATED, DATE_ADDED, STATUS) VALUES (375, 29, 'IT storage', strftime('%Y-%m-%d %H:%M:%f','now', 'localtime'), strftime('%Y-%m-%d %H:%M:%f','now', 'localtime'), 'others');
INSERT INTO SERVICE(ID, OFFICE_ID, NAME, DATE_UPDATED, DATE_ADDED, STATUS) VALUES (376, 29, 'AV/VC standards', strftime('%Y-%m-%d %H:%M:%f','now', 'localtime'), strftime('%Y-%m-%d %H:%M:%f','now', 'localtime'), 'others');
INSERT INTO SERVICE(ID, OFFICE_ID, NAME, DATE_UPDATED, DATE_ADDED, STATUS) VALUES (377, 29, 'VC density (>75%)', strftime('%Y-%m-%d %H:%M:%f','now', 'localtime'), strftime('%Y-%m-%d %H:%M:%f','now', 'localtime'), 'others');

INSERT INTO SERVICE(ID, OFFICE_ID, NAME, DATE_UPDATED, DATE_ADDED, STATUS) VALUES (378, 30, 'network HW standard', strftime('%Y-%m-%d %H:%M:%f','now', 'localtime'), strftime('%Y-%m-%d %H:%M:%f','now', 'localtime'), 'others');
INSERT INTO SERVICE(ID, OFFICE_ID, NAME, DATE_UPDATED, DATE_ADDED, STATUS) VALUES (379, 30, 'IDF standard', strftime('%Y-%m-%d %H:%M:%f','now', 'localtime'), strftime('%Y-%m-%d %H:%M:%f','now', 'localtime'), 'others');
INSERT INTO SERVICE(ID, OFFICE_ID, NAME, DATE_UPDATED, DATE_ADDED, STATUS) VALUES (380, 30, 'network bandwith', strftime('%Y-%m-%d %H:%M:%f','now', 'localtime'), strftime('%Y-%m-%d %H:%M:%f','now', 'localtime'), 'others');
INSERT INTO SERVICE(ID, OFFICE_ID, NAME, DATE_UPDATED, DATE_ADDED, STATUS) VALUES (381, 30, 'IT catalog', strftime('%Y-%m-%d %H:%M:%f','now', 'localtime'), strftime('%Y-%m-%d %H:%M:%f','now', 'localtime'), 'others');
INSERT INTO SERVICE(ID, OFFICE_ID, NAME, DATE_UPDATED, DATE_ADDED, STATUS) VALUES (382, 30, 'Room tools', strftime('%Y-%m-%d %H:%M:%f','now', 'localtime'), strftime('%Y-%m-%d %H:%M:%f','now', 'localtime'), 'others');
INSERT INTO SERVICE(ID, OFFICE_ID, NAME, DATE_UPDATED, DATE_ADDED, STATUS) VALUES (383, 30, 'Insights wall', strftime('%Y-%m-%d %H:%M:%f','now', 'localtime'), strftime('%Y-%m-%d %H:%M:%f','now', 'localtime'), 'others');
INSERT INTO SERVICE(ID, OFFICE_ID, NAME, DATE_UPDATED, DATE_ADDED, STATUS) VALUES (384, 30, 'Write on Me Wall', strftime('%Y-%m-%d %H:%M:%f','now', 'localtime'), strftime('%Y-%m-%d %H:%M:%f','now', 'localtime'), 'others');
INSERT INTO SERVICE(ID, OFFICE_ID, NAME, DATE_UPDATED, DATE_ADDED, STATUS) VALUES (385, 30, 'Vending Machine', strftime('%Y-%m-%d %H:%M:%f','now', 'localtime'), strftime('%Y-%m-%d %H:%M:%f','now', 'localtime'), 'others');
INSERT INTO SERVICE(ID, OFFICE_ID, NAME, DATE_UPDATED, DATE_ADDED, STATUS) VALUES (386, 30, 'WayFinder', strftime('%Y-%m-%d %H:%M:%f','now', 'localtime'), strftime('%Y-%m-%d %H:%M:%f','now', 'localtime'), 'others');
INSERT INTO SERVICE(ID, OFFICE_ID, NAME, DATE_UPDATED, DATE_ADDED, STATUS) VALUES (387, 30, 'HelpDesk', strftime('%Y-%m-%d %H:%M:%f','now', 'localtime'), strftime('%Y-%m-%d %H:%M:%f','now', 'localtime'), 'others');
INSERT INTO SERVICE(ID, OFFICE_ID, NAME, DATE_UPDATED, DATE_ADDED, STATUS) VALUES (388, 30, 'IT storage', strftime('%Y-%m-%d %H:%M:%f','now', 'localtime'), strftime('%Y-%m-%d %H:%M:%f','now', 'localtime'), 'others');
INSERT INTO SERVICE(ID, OFFICE_ID, NAME, DATE_UPDATED, DATE_ADDED, STATUS) VALUES (389, 30, 'AV/VC standards', strftime('%Y-%m-%d %H:%M:%f','now', 'localtime'), strftime('%Y-%m-%d %H:%M:%f','now', 'localtime'), 'others');
INSERT INTO SERVICE(ID, OFFICE_ID, NAME, DATE_UPDATED, DATE_ADDED, STATUS) VALUES (390, 30, 'VC density (>75%)', strftime('%Y-%m-%d %H:%M:%f','now', 'localtime'), strftime('%Y-%m-%d %H:%M:%f','now', 'localtime'), 'others');

INSERT INTO SERVICE(ID, OFFICE_ID, NAME, DATE_UPDATED, DATE_ADDED, STATUS) VALUES (391, 31, 'network HW standard', strftime('%Y-%m-%d %H:%M:%f','now', 'localtime'), strftime('%Y-%m-%d %H:%M:%f','now', 'localtime'), 'others');
INSERT INTO SERVICE(ID, OFFICE_ID, NAME, DATE_UPDATED, DATE_ADDED, STATUS) VALUES (392, 31, 'IDF standard', strftime('%Y-%m-%d %H:%M:%f','now', 'localtime'), strftime('%Y-%m-%d %H:%M:%f','now', 'localtime'), 'others');
INSERT INTO SERVICE(ID, OFFICE_ID, NAME, DATE_UPDATED, DATE_ADDED, STATUS) VALUES (393, 31, 'network bandwith', strftime('%Y-%m-%d %H:%M:%f','now', 'localtime'), strftime('%Y-%m-%d %H:%M:%f','now', 'localtime'), 'others');
INSERT INTO SERVICE(ID, OFFICE_ID, NAME, DATE_UPDATED, DATE_ADDED, STATUS) VALUES (394, 31, 'IT catalog', strftime('%Y-%m-%d %H:%M:%f','now', 'localtime'), strftime('%Y-%m-%d %H:%M:%f','now', 'localtime'), 'others');
INSERT INTO SERVICE(ID, OFFICE_ID, NAME, DATE_UPDATED, DATE_ADDED, STATUS) VALUES (395, 31, 'Room tools', strftime('%Y-%m-%d %H:%M:%f','now', 'localtime'), strftime('%Y-%m-%d %H:%M:%f','now', 'localtime'), 'others');
INSERT INTO SERVICE(ID, OFFICE_ID, NAME, DATE_UPDATED, DATE_ADDED, STATUS) VALUES (396, 31, 'Insights wall', strftime('%Y-%m-%d %H:%M:%f','now', 'localtime'), strftime('%Y-%m-%d %H:%M:%f','now', 'localtime'), 'others');
INSERT INTO SERVICE(ID, OFFICE_ID, NAME, DATE_UPDATED, DATE_ADDED, STATUS) VALUES (397, 31, 'Write on Me Wall', strftime('%Y-%m-%d %H:%M:%f','now', 'localtime'), strftime('%Y-%m-%d %H:%M:%f','now', 'localtime'), 'others');
INSERT INTO SERVICE(ID, OFFICE_ID, NAME, DATE_UPDATED, DATE_ADDED, STATUS) VALUES (398, 31, 'Vending Machine', strftime('%Y-%m-%d %H:%M:%f','now', 'localtime'), strftime('%Y-%m-%d %H:%M:%f','now', 'localtime'), 'others');
INSERT INTO SERVICE(ID, OFFICE_ID, NAME, DATE_UPDATED, DATE_ADDED, STATUS) VALUES (399, 31, 'WayFinder', strftime('%Y-%m-%d %H:%M:%f','now', 'localtime'), strftime('%Y-%m-%d %H:%M:%f','now', 'localtime'), 'others');
INSERT INTO SERVICE(ID, OFFICE_ID, NAME, DATE_UPDATED, DATE_ADDED, STATUS) VALUES (400, 31, 'HelpDesk', strftime('%Y-%m-%d %H:%M:%f','now', 'localtime'), strftime('%Y-%m-%d %H:%M:%f','now', 'localtime'), 'others');
INSERT INTO SERVICE(ID, OFFICE_ID, NAME, DATE_UPDATED, DATE_ADDED, STATUS) VALUES (401, 31, 'IT storage', strftime('%Y-%m-%d %H:%M:%f','now', 'localtime'), strftime('%Y-%m-%d %H:%M:%f','now', 'localtime'), 'others');
INSERT INTO SERVICE(ID, OFFICE_ID, NAME, DATE_UPDATED, DATE_ADDED, STATUS) VALUES (402, 31, 'AV/VC standards', strftime('%Y-%m-%d %H:%M:%f','now', 'localtime'), strftime('%Y-%m-%d %H:%M:%f','now', 'localtime'), 'others');
INSERT INTO SERVICE(ID, OFFICE_ID, NAME, DATE_UPDATED, DATE_ADDED, STATUS) VALUES (403, 31, 'VC density (>75%)', strftime('%Y-%m-%d %H:%M:%f','now', 'localtime'), strftime('%Y-%m-%d %H:%M:%f','now', 'localtime'), 'others');

INSERT INTO SERVICE(ID, OFFICE_ID, NAME, DATE_UPDATED, DATE_ADDED, STATUS) VALUES (404, 32, 'network HW standard', strftime('%Y-%m-%d %H:%M:%f','now', 'localtime'), strftime('%Y-%m-%d %H:%M:%f','now', 'localtime'), 'others');
INSERT INTO SERVICE(ID, OFFICE_ID, NAME, DATE_UPDATED, DATE_ADDED, STATUS) VALUES (405, 32, 'IDF standard', strftime('%Y-%m-%d %H:%M:%f','now', 'localtime'), strftime('%Y-%m-%d %H:%M:%f','now', 'localtime'), 'others');
INSERT INTO SERVICE(ID, OFFICE_ID, NAME, DATE_UPDATED, DATE_ADDED, STATUS) VALUES (406, 32, 'network bandwith', strftime('%Y-%m-%d %H:%M:%f','now', 'localtime'), strftime('%Y-%m-%d %H:%M:%f','now', 'localtime'), 'others');
INSERT INTO SERVICE(ID, OFFICE_ID, NAME, DATE_UPDATED, DATE_ADDED, STATUS) VALUES (407, 32, 'IT catalog', strftime('%Y-%m-%d %H:%M:%f','now', 'localtime'), strftime('%Y-%m-%d %H:%M:%f','now', 'localtime'), 'others');
INSERT INTO SERVICE(ID, OFFICE_ID, NAME, DATE_UPDATED, DATE_ADDED, STATUS) VALUES (408, 32, 'Room tools', strftime('%Y-%m-%d %H:%M:%f','now', 'localtime'), strftime('%Y-%m-%d %H:%M:%f','now', 'localtime'), 'others');
INSERT INTO SERVICE(ID, OFFICE_ID, NAME, DATE_UPDATED, DATE_ADDED, STATUS) VALUES (409, 32, 'Insights wall', strftime('%Y-%m-%d %H:%M:%f','now', 'localtime'), strftime('%Y-%m-%d %H:%M:%f','now', 'localtime'), 'others');
INSERT INTO SERVICE(ID, OFFICE_ID, NAME, DATE_UPDATED, DATE_ADDED, STATUS) VALUES (410, 32, 'Write on Me Wall', strftime('%Y-%m-%d %H:%M:%f','now', 'localtime'), strftime('%Y-%m-%d %H:%M:%f','now', 'localtime'), 'others');
INSERT INTO SERVICE(ID, OFFICE_ID, NAME, DATE_UPDATED, DATE_ADDED, STATUS) VALUES (411, 32, 'Vending Machine', strftime('%Y-%m-%d %H:%M:%f','now', 'localtime'), strftime('%Y-%m-%d %H:%M:%f','now', 'localtime'), 'others');
INSERT INTO SERVICE(ID, OFFICE_ID, NAME, DATE_UPDATED, DATE_ADDED, STATUS) VALUES (412, 32, 'WayFinder', strftime('%Y-%m-%d %H:%M:%f','now', 'localtime'), strftime('%Y-%m-%d %H:%M:%f','now', 'localtime'), 'others');
INSERT INTO SERVICE(ID, OFFICE_ID, NAME, DATE_UPDATED, DATE_ADDED, STATUS) VALUES (413, 32, 'HelpDesk', strftime('%Y-%m-%d %H:%M:%f','now', 'localtime'), strftime('%Y-%m-%d %H:%M:%f','now', 'localtime'), 'others');
INSERT INTO SERVICE(ID, OFFICE_ID, NAME, DATE_UPDATED, DATE_ADDED, STATUS) VALUES (414, 32, 'IT storage', strftime('%Y-%m-%d %H:%M:%f','now', 'localtime'), strftime('%Y-%m-%d %H:%M:%f','now', 'localtime'), 'others');
INSERT INTO SERVICE(ID, OFFICE_ID, NAME, DATE_UPDATED, DATE_ADDED, STATUS) VALUES (415, 32, 'AV/VC standards', strftime('%Y-%m-%d %H:%M:%f','now', 'localtime'), strftime('%Y-%m-%d %H:%M:%f','now', 'localtime'), 'others');
INSERT INTO SERVICE(ID, OFFICE_ID, NAME, DATE_UPDATED, DATE_ADDED, STATUS) VALUES (416, 32, 'VC density (>75%)', strftime('%Y-%m-%d %H:%M:%f','now', 'localtime'), strftime('%Y-%m-%d %H:%M:%f','now', 'localtime'), 'others');

INSERT INTO SERVICE(ID, OFFICE_ID, NAME, DATE_UPDATED, DATE_ADDED, STATUS) VALUES (417, 33, 'network HW standard', strftime('%Y-%m-%d %H:%M:%f','now', 'localtime'), strftime('%Y-%m-%d %H:%M:%f','now', 'localtime'), 'others');
INSERT INTO SERVICE(ID, OFFICE_ID, NAME, DATE_UPDATED, DATE_ADDED, STATUS) VALUES (418, 33, 'IDF standard', strftime('%Y-%m-%d %H:%M:%f','now', 'localtime'), strftime('%Y-%m-%d %H:%M:%f','now', 'localtime'), 'others');
INSERT INTO SERVICE(ID, OFFICE_ID, NAME, DATE_UPDATED, DATE_ADDED, STATUS) VALUES (419, 33, 'network bandwith', strftime('%Y-%m-%d %H:%M:%f','now', 'localtime'), strftime('%Y-%m-%d %H:%M:%f','now', 'localtime'), 'others');
INSERT INTO SERVICE(ID, OFFICE_ID, NAME, DATE_UPDATED, DATE_ADDED, STATUS) VALUES (420, 33, 'IT catalog', strftime('%Y-%m-%d %H:%M:%f','now', 'localtime'), strftime('%Y-%m-%d %H:%M:%f','now', 'localtime'), 'others');
INSERT INTO SERVICE(ID, OFFICE_ID, NAME, DATE_UPDATED, DATE_ADDED, STATUS) VALUES (421, 33, 'Room tools', strftime('%Y-%m-%d %H:%M:%f','now', 'localtime'), strftime('%Y-%m-%d %H:%M:%f','now', 'localtime'), 'others');
INSERT INTO SERVICE(ID, OFFICE_ID, NAME, DATE_UPDATED, DATE_ADDED, STATUS) VALUES (422, 33, 'Insights wall', strftime('%Y-%m-%d %H:%M:%f','now', 'localtime'), strftime('%Y-%m-%d %H:%M:%f','now', 'localtime'), 'others');
INSERT INTO SERVICE(ID, OFFICE_ID, NAME, DATE_UPDATED, DATE_ADDED, STATUS) VALUES (423, 33, 'Write on Me Wall', strftime('%Y-%m-%d %H:%M:%f','now', 'localtime'), strftime('%Y-%m-%d %H:%M:%f','now', 'localtime'), 'others');
INSERT INTO SERVICE(ID, OFFICE_ID, NAME, DATE_UPDATED, DATE_ADDED, STATUS) VALUES (424, 33, 'Vending Machine', strftime('%Y-%m-%d %H:%M:%f','now', 'localtime'), strftime('%Y-%m-%d %H:%M:%f','now', 'localtime'), 'others');
INSERT INTO SERVICE(ID, OFFICE_ID, NAME, DATE_UPDATED, DATE_ADDED, STATUS) VALUES (425, 33, 'WayFinder', strftime('%Y-%m-%d %H:%M:%f','now', 'localtime'), strftime('%Y-%m-%d %H:%M:%f','now', 'localtime'), 'others');
INSERT INTO SERVICE(ID, OFFICE_ID, NAME, DATE_UPDATED, DATE_ADDED, STATUS) VALUES (426, 33, 'HelpDesk', strftime('%Y-%m-%d %H:%M:%f','now', 'localtime'), strftime('%Y-%m-%d %H:%M:%f','now', 'localtime'), 'others');
INSERT INTO SERVICE(ID, OFFICE_ID, NAME, DATE_UPDATED, DATE_ADDED, STATUS) VALUES (427, 33, 'IT storage', strftime('%Y-%m-%d %H:%M:%f','now', 'localtime'), strftime('%Y-%m-%d %H:%M:%f','now', 'localtime'), 'others');
INSERT INTO SERVICE(ID, OFFICE_ID, NAME, DATE_UPDATED, DATE_ADDED, STATUS) VALUES (428, 33, 'AV/VC standards', strftime('%Y-%m-%d %H:%M:%f','now', 'localtime'), strftime('%Y-%m-%d %H:%M:%f','now', 'localtime'), 'others');
INSERT INTO SERVICE(ID, OFFICE_ID, NAME, DATE_UPDATED, DATE_ADDED, STATUS) VALUES (429, 33, 'VC density (>75%)', strftime('%Y-%m-%d %H:%M:%f','now', 'localtime'), strftime('%Y-%m-%d %H:%M:%f','now', 'localtime'), 'others');

INSERT INTO SERVICE(ID, OFFICE_ID, NAME, DATE_UPDATED, DATE_ADDED, STATUS) VALUES (430, 34, 'network HW standard', strftime('%Y-%m-%d %H:%M:%f','now', 'localtime'), strftime('%Y-%m-%d %H:%M:%f','now', 'localtime'), 'others');
INSERT INTO SERVICE(ID, OFFICE_ID, NAME, DATE_UPDATED, DATE_ADDED, STATUS) VALUES (431, 34, 'IDF standard', strftime('%Y-%m-%d %H:%M:%f','now', 'localtime'), strftime('%Y-%m-%d %H:%M:%f','now', 'localtime'), 'others');
INSERT INTO SERVICE(ID, OFFICE_ID, NAME, DATE_UPDATED, DATE_ADDED, STATUS) VALUES (432, 34, 'network bandwith', strftime('%Y-%m-%d %H:%M:%f','now', 'localtime'), strftime('%Y-%m-%d %H:%M:%f','now', 'localtime'), 'others');
INSERT INTO SERVICE(ID, OFFICE_ID, NAME, DATE_UPDATED, DATE_ADDED, STATUS) VALUES (433, 34, 'IT catalog', strftime('%Y-%m-%d %H:%M:%f','now', 'localtime'), strftime('%Y-%m-%d %H:%M:%f','now', 'localtime'), 'others');
INSERT INTO SERVICE(ID, OFFICE_ID, NAME, DATE_UPDATED, DATE_ADDED, STATUS) VALUES (434, 34, 'Room tools', strftime('%Y-%m-%d %H:%M:%f','now', 'localtime'), strftime('%Y-%m-%d %H:%M:%f','now', 'localtime'), 'others');
INSERT INTO SERVICE(ID, OFFICE_ID, NAME, DATE_UPDATED, DATE_ADDED, STATUS) VALUES (435, 34, 'Insights wall', strftime('%Y-%m-%d %H:%M:%f','now', 'localtime'), strftime('%Y-%m-%d %H:%M:%f','now', 'localtime'), 'others');
INSERT INTO SERVICE(ID, OFFICE_ID, NAME, DATE_UPDATED, DATE_ADDED, STATUS) VALUES (436, 34, 'Write on Me Wall', strftime('%Y-%m-%d %H:%M:%f','now', 'localtime'), strftime('%Y-%m-%d %H:%M:%f','now', 'localtime'), 'others');
INSERT INTO SERVICE(ID, OFFICE_ID, NAME, DATE_UPDATED, DATE_ADDED, STATUS) VALUES (437, 34, 'Vending Machine', strftime('%Y-%m-%d %H:%M:%f','now', 'localtime'), strftime('%Y-%m-%d %H:%M:%f','now', 'localtime'), 'others');
INSERT INTO SERVICE(ID, OFFICE_ID, NAME, DATE_UPDATED, DATE_ADDED, STATUS) VALUES (438, 34, 'WayFinder', strftime('%Y-%m-%d %H:%M:%f','now', 'localtime'), strftime('%Y-%m-%d %H:%M:%f','now', 'localtime'), 'others');
INSERT INTO SERVICE(ID, OFFICE_ID, NAME, DATE_UPDATED, DATE_ADDED, STATUS) VALUES (439, 34, 'HelpDesk', strftime('%Y-%m-%d %H:%M:%f','now', 'localtime'), strftime('%Y-%m-%d %H:%M:%f','now', 'localtime'), 'others');
INSERT INTO SERVICE(ID, OFFICE_ID, NAME, DATE_UPDATED, DATE_ADDED, STATUS) VALUES (440, 34, 'IT storage', strftime('%Y-%m-%d %H:%M:%f','now', 'localtime'), strftime('%Y-%m-%d %H:%M:%f','now', 'localtime'), 'others');
INSERT INTO SERVICE(ID, OFFICE_ID, NAME, DATE_UPDATED, DATE_ADDED, STATUS) VALUES (441, 34, 'AV/VC standards', strftime('%Y-%m-%d %H:%M:%f','now', 'localtime'), strftime('%Y-%m-%d %H:%M:%f','now', 'localtime'), 'others');
INSERT INTO SERVICE(ID, OFFICE_ID, NAME, DATE_UPDATED, DATE_ADDED, STATUS) VALUES (442, 34, 'VC density (>75%)', strftime('%Y-%m-%d %H:%M:%f','now', 'localtime'), strftime('%Y-%m-%d %H:%M:%f','now', 'localtime'), 'others');

INSERT INTO SERVICE(ID, OFFICE_ID, NAME, DATE_UPDATED, DATE_ADDED, STATUS) VALUES (443, 35, 'network HW standard', strftime('%Y-%m-%d %H:%M:%f','now', 'localtime'), strftime('%Y-%m-%d %H:%M:%f','now', 'localtime'), 'others');
INSERT INTO SERVICE(ID, OFFICE_ID, NAME, DATE_UPDATED, DATE_ADDED, STATUS) VALUES (444, 35, 'IDF standard', strftime('%Y-%m-%d %H:%M:%f','now', 'localtime'), strftime('%Y-%m-%d %H:%M:%f','now', 'localtime'), 'others');
INSERT INTO SERVICE(ID, OFFICE_ID, NAME, DATE_UPDATED, DATE_ADDED, STATUS) VALUES (445, 35, 'network bandwith', strftime('%Y-%m-%d %H:%M:%f','now', 'localtime'), strftime('%Y-%m-%d %H:%M:%f','now', 'localtime'), 'others');
INSERT INTO SERVICE(ID, OFFICE_ID, NAME, DATE_UPDATED, DATE_ADDED, STATUS) VALUES (446, 35, 'IT catalog', strftime('%Y-%m-%d %H:%M:%f','now', 'localtime'), strftime('%Y-%m-%d %H:%M:%f','now', 'localtime'), 'others');
INSERT INTO SERVICE(ID, OFFICE_ID, NAME, DATE_UPDATED, DATE_ADDED, STATUS) VALUES (447, 35, 'Room tools', strftime('%Y-%m-%d %H:%M:%f','now', 'localtime'), strftime('%Y-%m-%d %H:%M:%f','now', 'localtime'), 'others');
INSERT INTO SERVICE(ID, OFFICE_ID, NAME, DATE_UPDATED, DATE_ADDED, STATUS) VALUES (448, 35, 'Insights wall', strftime('%Y-%m-%d %H:%M:%f','now', 'localtime'), strftime('%Y-%m-%d %H:%M:%f','now', 'localtime'), 'others');
INSERT INTO SERVICE(ID, OFFICE_ID, NAME, DATE_UPDATED, DATE_ADDED, STATUS) VALUES (449, 35, 'Write on Me Wall', strftime('%Y-%m-%d %H:%M:%f','now', 'localtime'), strftime('%Y-%m-%d %H:%M:%f','now', 'localtime'), 'others');
INSERT INTO SERVICE(ID, OFFICE_ID, NAME, DATE_UPDATED, DATE_ADDED, STATUS) VALUES (450, 35, 'Vending Machine', strftime('%Y-%m-%d %H:%M:%f','now', 'localtime'), strftime('%Y-%m-%d %H:%M:%f','now', 'localtime'), 'others');
INSERT INTO SERVICE(ID, OFFICE_ID, NAME, DATE_UPDATED, DATE_ADDED, STATUS) VALUES (451, 35, 'WayFinder', strftime('%Y-%m-%d %H:%M:%f','now', 'localtime'), strftime('%Y-%m-%d %H:%M:%f','now', 'localtime'), 'others');
INSERT INTO SERVICE(ID, OFFICE_ID, NAME, DATE_UPDATED, DATE_ADDED, STATUS) VALUES (452, 35, 'HelpDesk', strftime('%Y-%m-%d %H:%M:%f','now', 'localtime'), strftime('%Y-%m-%d %H:%M:%f','now', 'localtime'), 'others');
INSERT INTO SERVICE(ID, OFFICE_ID, NAME, DATE_UPDATED, DATE_ADDED, STATUS) VALUES (453, 35, 'IT storage', strftime('%Y-%m-%d %H:%M:%f','now', 'localtime'), strftime('%Y-%m-%d %H:%M:%f','now', 'localtime'), 'others');
INSERT INTO SERVICE(ID, OFFICE_ID, NAME, DATE_UPDATED, DATE_ADDED, STATUS) VALUES (454, 35, 'AV/VC standards', strftime('%Y-%m-%d %H:%M:%f','now', 'localtime'), strftime('%Y-%m-%d %H:%M:%f','now', 'localtime'), 'others');
INSERT INTO SERVICE(ID, OFFICE_ID, NAME, DATE_UPDATED, DATE_ADDED, STATUS) VALUES (455, 35, 'VC density (>75%)', strftime('%Y-%m-%d %H:%M:%f','now', 'localtime'), strftime('%Y-%m-%d %H:%M:%f','now', 'localtime'), 'others');

INSERT INTO SERVICE(ID, OFFICE_ID, NAME, DATE_UPDATED, DATE_ADDED, STATUS) VALUES (456, 36, 'network HW standard', strftime('%Y-%m-%d %H:%M:%f','now', 'localtime'), strftime('%Y-%m-%d %H:%M:%f','now', 'localtime'), 'others');
INSERT INTO SERVICE(ID, OFFICE_ID, NAME, DATE_UPDATED, DATE_ADDED, STATUS) VALUES (457, 36, 'IDF standard', strftime('%Y-%m-%d %H:%M:%f','now', 'localtime'), strftime('%Y-%m-%d %H:%M:%f','now', 'localtime'), 'others');
INSERT INTO SERVICE(ID, OFFICE_ID, NAME, DATE_UPDATED, DATE_ADDED, STATUS) VALUES (458, 36, 'network bandwith', strftime('%Y-%m-%d %H:%M:%f','now', 'localtime'), strftime('%Y-%m-%d %H:%M:%f','now', 'localtime'), 'others');
INSERT INTO SERVICE(ID, OFFICE_ID, NAME, DATE_UPDATED, DATE_ADDED, STATUS) VALUES (459, 36, 'IT catalog', strftime('%Y-%m-%d %H:%M:%f','now', 'localtime'), strftime('%Y-%m-%d %H:%M:%f','now', 'localtime'), 'others');
INSERT INTO SERVICE(ID, OFFICE_ID, NAME, DATE_UPDATED, DATE_ADDED, STATUS) VALUES (460, 36, 'Room tools', strftime('%Y-%m-%d %H:%M:%f','now', 'localtime'), strftime('%Y-%m-%d %H:%M:%f','now', 'localtime'), 'others');
INSERT INTO SERVICE(ID, OFFICE_ID, NAME, DATE_UPDATED, DATE_ADDED, STATUS) VALUES (461, 36, 'Insights wall', strftime('%Y-%m-%d %H:%M:%f','now', 'localtime'), strftime('%Y-%m-%d %H:%M:%f','now', 'localtime'), 'others');
INSERT INTO SERVICE(ID, OFFICE_ID, NAME, DATE_UPDATED, DATE_ADDED, STATUS) VALUES (462, 36, 'Write on Me Wall', strftime('%Y-%m-%d %H:%M:%f','now', 'localtime'), strftime('%Y-%m-%d %H:%M:%f','now', 'localtime'), 'others');
INSERT INTO SERVICE(ID, OFFICE_ID, NAME, DATE_UPDATED, DATE_ADDED, STATUS) VALUES (463, 36, 'Vending Machine', strftime('%Y-%m-%d %H:%M:%f','now', 'localtime'), strftime('%Y-%m-%d %H:%M:%f','now', 'localtime'), 'others');
INSERT INTO SERVICE(ID, OFFICE_ID, NAME, DATE_UPDATED, DATE_ADDED, STATUS) VALUES (464, 36, 'WayFinder', strftime('%Y-%m-%d %H:%M:%f','now', 'localtime'), strftime('%Y-%m-%d %H:%M:%f','now', 'localtime'), 'others');
INSERT INTO SERVICE(ID, OFFICE_ID, NAME, DATE_UPDATED, DATE_ADDED, STATUS) VALUES (465, 36, 'HelpDesk', strftime('%Y-%m-%d %H:%M:%f','now', 'localtime'), strftime('%Y-%m-%d %H:%M:%f','now', 'localtime'), 'others');
INSERT INTO SERVICE(ID, OFFICE_ID, NAME, DATE_UPDATED, DATE_ADDED, STATUS) VALUES (466, 36, 'IT storage', strftime('%Y-%m-%d %H:%M:%f','now', 'localtime'), strftime('%Y-%m-%d %H:%M:%f','now', 'localtime'), 'others');
INSERT INTO SERVICE(ID, OFFICE_ID, NAME, DATE_UPDATED, DATE_ADDED, STATUS) VALUES (467, 36, 'AV/VC standards', strftime('%Y-%m-%d %H:%M:%f','now', 'localtime'), strftime('%Y-%m-%d %H:%M:%f','now', 'localtime'), 'others');
INSERT INTO SERVICE(ID, OFFICE_ID, NAME, DATE_UPDATED, DATE_ADDED, STATUS) VALUES (468, 36, 'VC density (>75%)', strftime('%Y-%m-%d %H:%M:%f','now', 'localtime'), strftime('%Y-%m-%d %H:%M:%f','now', 'localtime'), 'others');

INSERT INTO SERVICE(ID, OFFICE_ID, NAME, DATE_UPDATED, DATE_ADDED, STATUS) VALUES (469, 37, 'network HW standard', strftime('%Y-%m-%d %H:%M:%f','now', 'localtime'), strftime('%Y-%m-%d %H:%M:%f','now', 'localtime'), 'others');
INSERT INTO SERVICE(ID, OFFICE_ID, NAME, DATE_UPDATED, DATE_ADDED, STATUS) VALUES (470, 37, 'IDF standard', strftime('%Y-%m-%d %H:%M:%f','now', 'localtime'), strftime('%Y-%m-%d %H:%M:%f','now', 'localtime'), 'others');
INSERT INTO SERVICE(ID, OFFICE_ID, NAME, DATE_UPDATED, DATE_ADDED, STATUS) VALUES (471, 37, 'network bandwith', strftime('%Y-%m-%d %H:%M:%f','now', 'localtime'), strftime('%Y-%m-%d %H:%M:%f','now', 'localtime'), 'others');
INSERT INTO SERVICE(ID, OFFICE_ID, NAME, DATE_UPDATED, DATE_ADDED, STATUS) VALUES (472, 37, 'IT catalog', strftime('%Y-%m-%d %H:%M:%f','now', 'localtime'), strftime('%Y-%m-%d %H:%M:%f','now', 'localtime'), 'others');
INSERT INTO SERVICE(ID, OFFICE_ID, NAME, DATE_UPDATED, DATE_ADDED, STATUS) VALUES (473, 37, 'Room tools', strftime('%Y-%m-%d %H:%M:%f','now', 'localtime'), strftime('%Y-%m-%d %H:%M:%f','now', 'localtime'), 'others');
INSERT INTO SERVICE(ID, OFFICE_ID, NAME, DATE_UPDATED, DATE_ADDED, STATUS) VALUES (474, 37, 'Insights wall', strftime('%Y-%m-%d %H:%M:%f','now', 'localtime'), strftime('%Y-%m-%d %H:%M:%f','now', 'localtime'), 'others');
INSERT INTO SERVICE(ID, OFFICE_ID, NAME, DATE_UPDATED, DATE_ADDED, STATUS) VALUES (475, 37, 'Write on Me Wall', strftime('%Y-%m-%d %H:%M:%f','now', 'localtime'), strftime('%Y-%m-%d %H:%M:%f','now', 'localtime'), 'others');
INSERT INTO SERVICE(ID, OFFICE_ID, NAME, DATE_UPDATED, DATE_ADDED, STATUS) VALUES (476, 37, 'Vending Machine', strftime('%Y-%m-%d %H:%M:%f','now', 'localtime'), strftime('%Y-%m-%d %H:%M:%f','now', 'localtime'), 'others');
INSERT INTO SERVICE(ID, OFFICE_ID, NAME, DATE_UPDATED, DATE_ADDED, STATUS) VALUES (477, 37, 'WayFinder', strftime('%Y-%m-%d %H:%M:%f','now', 'localtime'), strftime('%Y-%m-%d %H:%M:%f','now', 'localtime'), 'others');
INSERT INTO SERVICE(ID, OFFICE_ID, NAME, DATE_UPDATED, DATE_ADDED, STATUS) VALUES (478, 37, 'HelpDesk', strftime('%Y-%m-%d %H:%M:%f','now', 'localtime'), strftime('%Y-%m-%d %H:%M:%f','now', 'localtime'), 'others');
INSERT INTO SERVICE(ID, OFFICE_ID, NAME, DATE_UPDATED, DATE_ADDED, STATUS) VALUES (479, 37, 'IT storage', strftime('%Y-%m-%d %H:%M:%f','now', 'localtime'), strftime('%Y-%m-%d %H:%M:%f','now', 'localtime'), 'others');
INSERT INTO SERVICE(ID, OFFICE_ID, NAME, DATE_UPDATED, DATE_ADDED, STATUS) VALUES (480, 37, 'AV/VC standards', strftime('%Y-%m-%d %H:%M:%f','now', 'localtime'), strftime('%Y-%m-%d %H:%M:%f','now', 'localtime'), 'others');
INSERT INTO SERVICE(ID, OFFICE_ID, NAME, DATE_UPDATED, DATE_ADDED, STATUS) VALUES (481, 37, 'VC density (>75%)', strftime('%Y-%m-%d %H:%M:%f','now', 'localtime'), strftime('%Y-%m-%d %H:%M:%f','now', 'localtime'), 'others');

INSERT INTO SERVICE(ID, OFFICE_ID, NAME, DATE_UPDATED, DATE_ADDED, STATUS) VALUES (482, 38, 'network HW standard', strftime('%Y-%m-%d %H:%M:%f','now', 'localtime'), strftime('%Y-%m-%d %H:%M:%f','now', 'localtime'), 'others');
INSERT INTO SERVICE(ID, OFFICE_ID, NAME, DATE_UPDATED, DATE_ADDED, STATUS) VALUES (483, 38, 'IDF standard', strftime('%Y-%m-%d %H:%M:%f','now', 'localtime'), strftime('%Y-%m-%d %H:%M:%f','now', 'localtime'), 'others');
INSERT INTO SERVICE(ID, OFFICE_ID, NAME, DATE_UPDATED, DATE_ADDED, STATUS) VALUES (484, 38, 'network bandwith', strftime('%Y-%m-%d %H:%M:%f','now', 'localtime'), strftime('%Y-%m-%d %H:%M:%f','now', 'localtime'), 'others');
INSERT INTO SERVICE(ID, OFFICE_ID, NAME, DATE_UPDATED, DATE_ADDED, STATUS) VALUES (485, 38, 'IT catalog', strftime('%Y-%m-%d %H:%M:%f','now', 'localtime'), strftime('%Y-%m-%d %H:%M:%f','now', 'localtime'), 'others');
INSERT INTO SERVICE(ID, OFFICE_ID, NAME, DATE_UPDATED, DATE_ADDED, STATUS) VALUES (486, 38, 'Room tools', strftime('%Y-%m-%d %H:%M:%f','now', 'localtime'), strftime('%Y-%m-%d %H:%M:%f','now', 'localtime'), 'others');
INSERT INTO SERVICE(ID, OFFICE_ID, NAME, DATE_UPDATED, DATE_ADDED, STATUS) VALUES (487, 38, 'Insights wall', strftime('%Y-%m-%d %H:%M:%f','now', 'localtime'), strftime('%Y-%m-%d %H:%M:%f','now', 'localtime'), 'others');
INSERT INTO SERVICE(ID, OFFICE_ID, NAME, DATE_UPDATED, DATE_ADDED, STATUS) VALUES (488, 38, 'Write on Me Wall', strftime('%Y-%m-%d %H:%M:%f','now', 'localtime'), strftime('%Y-%m-%d %H:%M:%f','now', 'localtime'), 'others');
INSERT INTO SERVICE(ID, OFFICE_ID, NAME, DATE_UPDATED, DATE_ADDED, STATUS) VALUES (489, 38, 'Vending Machine', strftime('%Y-%m-%d %H:%M:%f','now', 'localtime'), strftime('%Y-%m-%d %H:%M:%f','now', 'localtime'), 'others');
INSERT INTO SERVICE(ID, OFFICE_ID, NAME, DATE_UPDATED, DATE_ADDED, STATUS) VALUES (490, 38, 'WayFinder', strftime('%Y-%m-%d %H:%M:%f','now', 'localtime'), strftime('%Y-%m-%d %H:%M:%f','now', 'localtime'), 'others');
INSERT INTO SERVICE(ID, OFFICE_ID, NAME, DATE_UPDATED, DATE_ADDED, STATUS) VALUES (491, 38, 'HelpDesk', strftime('%Y-%m-%d %H:%M:%f','now', 'localtime'), strftime('%Y-%m-%d %H:%M:%f','now', 'localtime'), 'others');
INSERT INTO SERVICE(ID, OFFICE_ID, NAME, DATE_UPDATED, DATE_ADDED, STATUS) VALUES (492, 38, 'IT storage', strftime('%Y-%m-%d %H:%M:%f','now', 'localtime'), strftime('%Y-%m-%d %H:%M:%f','now', 'localtime'), 'others');
INSERT INTO SERVICE(ID, OFFICE_ID, NAME, DATE_UPDATED, DATE_ADDED, STATUS) VALUES (493, 38, 'AV/VC standards', strftime('%Y-%m-%d %H:%M:%f','now', 'localtime'), strftime('%Y-%m-%d %H:%M:%f','now', 'localtime'), 'others');
INSERT INTO SERVICE(ID, OFFICE_ID, NAME, DATE_UPDATED, DATE_ADDED, STATUS) VALUES (494, 38, 'VC density (>75%)', strftime('%Y-%m-%d %H:%M:%f','now', 'localtime'), strftime('%Y-%m-%d %H:%M:%f','now', 'localtime'), 'others');

INSERT INTO SERVICE(ID, OFFICE_ID, NAME, DATE_UPDATED, DATE_ADDED, STATUS) VALUES (495, 39, 'network HW standard', strftime('%Y-%m-%d %H:%M:%f','now', 'localtime'), strftime('%Y-%m-%d %H:%M:%f','now', 'localtime'), 'others');
INSERT INTO SERVICE(ID, OFFICE_ID, NAME, DATE_UPDATED, DATE_ADDED, STATUS) VALUES (496, 39, 'IDF standard', strftime('%Y-%m-%d %H:%M:%f','now', 'localtime'), strftime('%Y-%m-%d %H:%M:%f','now', 'localtime'), 'others');
INSERT INTO SERVICE(ID, OFFICE_ID, NAME, DATE_UPDATED, DATE_ADDED, STATUS) VALUES (497, 39, 'network bandwith', strftime('%Y-%m-%d %H:%M:%f','now', 'localtime'), strftime('%Y-%m-%d %H:%M:%f','now', 'localtime'), 'others');
INSERT INTO SERVICE(ID, OFFICE_ID, NAME, DATE_UPDATED, DATE_ADDED, STATUS) VALUES (498, 39, 'IT catalog', strftime('%Y-%m-%d %H:%M:%f','now', 'localtime'), strftime('%Y-%m-%d %H:%M:%f','now', 'localtime'), 'others');
INSERT INTO SERVICE(ID, OFFICE_ID, NAME, DATE_UPDATED, DATE_ADDED, STATUS) VALUES (499, 39, 'Room tools', strftime('%Y-%m-%d %H:%M:%f','now', 'localtime'), strftime('%Y-%m-%d %H:%M:%f','now', 'localtime'), 'others');
INSERT INTO SERVICE(ID, OFFICE_ID, NAME, DATE_UPDATED, DATE_ADDED, STATUS) VALUES (500, 39, 'Insights wall', strftime('%Y-%m-%d %H:%M:%f','now', 'localtime'), strftime('%Y-%m-%d %H:%M:%f','now', 'localtime'), 'others');
INSERT INTO SERVICE(ID, OFFICE_ID, NAME, DATE_UPDATED, DATE_ADDED, STATUS) VALUES (501, 39, 'Write on Me Wall', strftime('%Y-%m-%d %H:%M:%f','now', 'localtime'), strftime('%Y-%m-%d %H:%M:%f','now', 'localtime'), 'others');
INSERT INTO SERVICE(ID, OFFICE_ID, NAME, DATE_UPDATED, DATE_ADDED, STATUS) VALUES (502, 39, 'Vending Machine', strftime('%Y-%m-%d %H:%M:%f','now', 'localtime'), strftime('%Y-%m-%d %H:%M:%f','now', 'localtime'), 'others');
INSERT INTO SERVICE(ID, OFFICE_ID, NAME, DATE_UPDATED, DATE_ADDED, STATUS) VALUES (503, 39, 'WayFinder', strftime('%Y-%m-%d %H:%M:%f','now', 'localtime'), strftime('%Y-%m-%d %H:%M:%f','now', 'localtime'), 'others');
INSERT INTO SERVICE(ID, OFFICE_ID, NAME, DATE_UPDATED, DATE_ADDED, STATUS) VALUES (504, 39, 'HelpDesk', strftime('%Y-%m-%d %H:%M:%f','now', 'localtime'), strftime('%Y-%m-%d %H:%M:%f','now', 'localtime'), 'others');
INSERT INTO SERVICE(ID, OFFICE_ID, NAME, DATE_UPDATED, DATE_ADDED, STATUS) VALUES (505, 39, 'IT storage', strftime('%Y-%m-%d %H:%M:%f','now', 'localtime'), strftime('%Y-%m-%d %H:%M:%f','now', 'localtime'), 'others');
INSERT INTO SERVICE(ID, OFFICE_ID, NAME, DATE_UPDATED, DATE_ADDED, STATUS) VALUES (506, 39, 'AV/VC standards', strftime('%Y-%m-%d %H:%M:%f','now', 'localtime'), strftime('%Y-%m-%d %H:%M:%f','now', 'localtime'), 'others');
INSERT INTO SERVICE(ID, OFFICE_ID, NAME, DATE_UPDATED, DATE_ADDED, STATUS) VALUES (507, 39, 'VC density (>75%)', strftime('%Y-%m-%d %H:%M:%f','now', 'localtime'), strftime('%Y-%m-%d %H:%M:%f','now', 'localtime'), 'others');

INSERT INTO SERVICE(ID, OFFICE_ID, NAME, DATE_UPDATED, DATE_ADDED, STATUS) VALUES (508, 40, 'network HW standard', strftime('%Y-%m-%d %H:%M:%f','now', 'localtime'), strftime('%Y-%m-%d %H:%M:%f','now', 'localtime'), 'others');
INSERT INTO SERVICE(ID, OFFICE_ID, NAME, DATE_UPDATED, DATE_ADDED, STATUS) VALUES (509, 40, 'IDF standard', strftime('%Y-%m-%d %H:%M:%f','now', 'localtime'), strftime('%Y-%m-%d %H:%M:%f','now', 'localtime'), 'others');
INSERT INTO SERVICE(ID, OFFICE_ID, NAME, DATE_UPDATED, DATE_ADDED, STATUS) VALUES (510, 40, 'network bandwith', strftime('%Y-%m-%d %H:%M:%f','now', 'localtime'), strftime('%Y-%m-%d %H:%M:%f','now', 'localtime'), 'others');
INSERT INTO SERVICE(ID, OFFICE_ID, NAME, DATE_UPDATED, DATE_ADDED, STATUS) VALUES (511, 40, 'IT catalog', strftime('%Y-%m-%d %H:%M:%f','now', 'localtime'), strftime('%Y-%m-%d %H:%M:%f','now', 'localtime'), 'others');
INSERT INTO SERVICE(ID, OFFICE_ID, NAME, DATE_UPDATED, DATE_ADDED, STATUS) VALUES (512, 40, 'Room tools', strftime('%Y-%m-%d %H:%M:%f','now', 'localtime'), strftime('%Y-%m-%d %H:%M:%f','now', 'localtime'), 'others');
INSERT INTO SERVICE(ID, OFFICE_ID, NAME, DATE_UPDATED, DATE_ADDED, STATUS) VALUES (513, 40, 'Insights wall', strftime('%Y-%m-%d %H:%M:%f','now', 'localtime'), strftime('%Y-%m-%d %H:%M:%f','now', 'localtime'), 'others');
INSERT INTO SERVICE(ID, OFFICE_ID, NAME, DATE_UPDATED, DATE_ADDED, STATUS) VALUES (514, 40, 'Write on Me Wall', strftime('%Y-%m-%d %H:%M:%f','now', 'localtime'), strftime('%Y-%m-%d %H:%M:%f','now', 'localtime'), 'others');
INSERT INTO SERVICE(ID, OFFICE_ID, NAME, DATE_UPDATED, DATE_ADDED, STATUS) VALUES (515, 40, 'Vending Machine', strftime('%Y-%m-%d %H:%M:%f','now', 'localtime'), strftime('%Y-%m-%d %H:%M:%f','now', 'localtime'), 'others');
INSERT INTO SERVICE(ID, OFFICE_ID, NAME, DATE_UPDATED, DATE_ADDED, STATUS) VALUES (516, 40, 'WayFinder', strftime('%Y-%m-%d %H:%M:%f','now', 'localtime'), strftime('%Y-%m-%d %H:%M:%f','now', 'localtime'), 'others');
INSERT INTO SERVICE(ID, OFFICE_ID, NAME, DATE_UPDATED, DATE_ADDED, STATUS) VALUES (517, 40, 'HelpDesk', strftime('%Y-%m-%d %H:%M:%f','now', 'localtime'), strftime('%Y-%m-%d %H:%M:%f','now', 'localtime'), 'others');
INSERT INTO SERVICE(ID, OFFICE_ID, NAME, DATE_UPDATED, DATE_ADDED, STATUS) VALUES (518, 40, 'IT storage', strftime('%Y-%m-%d %H:%M:%f','now', 'localtime'), strftime('%Y-%m-%d %H:%M:%f','now', 'localtime'), 'others');
INSERT INTO SERVICE(ID, OFFICE_ID, NAME, DATE_UPDATED, DATE_ADDED, STATUS) VALUES (519, 40, 'AV/VC standards', strftime('%Y-%m-%d %H:%M:%f','now', 'localtime'), strftime('%Y-%m-%d %H:%M:%f','now', 'localtime'), 'others');
INSERT INTO SERVICE(ID, OFFICE_ID, NAME, DATE_UPDATED, DATE_ADDED, STATUS) VALUES (520, 40, 'VC density (>75%)', strftime('%Y-%m-%d %H:%M:%f','now', 'localtime'), strftime('%Y-%m-%d %H:%M:%f','now', 'localtime'), 'others');

INSERT INTO SERVICE(ID, OFFICE_ID, NAME, DATE_UPDATED, DATE_ADDED, STATUS) VALUES (521, 41, 'network HW standard', strftime('%Y-%m-%d %H:%M:%f','now', 'localtime'), strftime('%Y-%m-%d %H:%M:%f','now', 'localtime'), 'others');
INSERT INTO SERVICE(ID, OFFICE_ID, NAME, DATE_UPDATED, DATE_ADDED, STATUS) VALUES (522, 41, 'IDF standard', strftime('%Y-%m-%d %H:%M:%f','now', 'localtime'), strftime('%Y-%m-%d %H:%M:%f','now', 'localtime'), 'others');
INSERT INTO SERVICE(ID, OFFICE_ID, NAME, DATE_UPDATED, DATE_ADDED, STATUS) VALUES (523, 41, 'network bandwith', strftime('%Y-%m-%d %H:%M:%f','now', 'localtime'), strftime('%Y-%m-%d %H:%M:%f','now', 'localtime'), 'others');
INSERT INTO SERVICE(ID, OFFICE_ID, NAME, DATE_UPDATED, DATE_ADDED, STATUS) VALUES (524, 41, 'IT catalog', strftime('%Y-%m-%d %H:%M:%f','now', 'localtime'), strftime('%Y-%m-%d %H:%M:%f','now', 'localtime'), 'others');
INSERT INTO SERVICE(ID, OFFICE_ID, NAME, DATE_UPDATED, DATE_ADDED, STATUS) VALUES (525, 41, 'Room tools', strftime('%Y-%m-%d %H:%M:%f','now', 'localtime'), strftime('%Y-%m-%d %H:%M:%f','now', 'localtime'), 'others');
INSERT INTO SERVICE(ID, OFFICE_ID, NAME, DATE_UPDATED, DATE_ADDED, STATUS) VALUES (526, 41, 'Insights wall', strftime('%Y-%m-%d %H:%M:%f','now', 'localtime'), strftime('%Y-%m-%d %H:%M:%f','now', 'localtime'), 'others');
INSERT INTO SERVICE(ID, OFFICE_ID, NAME, DATE_UPDATED, DATE_ADDED, STATUS) VALUES (527, 41, 'Write on Me Wall', strftime('%Y-%m-%d %H:%M:%f','now', 'localtime'), strftime('%Y-%m-%d %H:%M:%f','now', 'localtime'), 'others');
INSERT INTO SERVICE(ID, OFFICE_ID, NAME, DATE_UPDATED, DATE_ADDED, STATUS) VALUES (528, 41, 'Vending Machine', strftime('%Y-%m-%d %H:%M:%f','now', 'localtime'), strftime('%Y-%m-%d %H:%M:%f','now', 'localtime'), 'others');
INSERT INTO SERVICE(ID, OFFICE_ID, NAME, DATE_UPDATED, DATE_ADDED, STATUS) VALUES (529, 41, 'WayFinder', strftime('%Y-%m-%d %H:%M:%f','now', 'localtime'), strftime('%Y-%m-%d %H:%M:%f','now', 'localtime'), 'others');
INSERT INTO SERVICE(ID, OFFICE_ID, NAME, DATE_UPDATED, DATE_ADDED, STATUS) VALUES (530, 41, 'HelpDesk', strftime('%Y-%m-%d %H:%M:%f','now', 'localtime'), strftime('%Y-%m-%d %H:%M:%f','now', 'localtime'), 'others');
INSERT INTO SERVICE(ID, OFFICE_ID, NAME, DATE_UPDATED, DATE_ADDED, STATUS) VALUES (531, 41, 'IT storage', strftime('%Y-%m-%d %H:%M:%f','now', 'localtime'), strftime('%Y-%m-%d %H:%M:%f','now', 'localtime'), 'others');
INSERT INTO SERVICE(ID, OFFICE_ID, NAME, DATE_UPDATED, DATE_ADDED, STATUS) VALUES (532, 41, 'AV/VC standards', strftime('%Y-%m-%d %H:%M:%f','now', 'localtime'), strftime('%Y-%m-%d %H:%M:%f','now', 'localtime'), 'others');
INSERT INTO SERVICE(ID, OFFICE_ID, NAME, DATE_UPDATED, DATE_ADDED, STATUS) VALUES (533, 41, 'VC density (>75%)', strftime('%Y-%m-%d %H:%M:%f','now', 'localtime'), strftime('%Y-%m-%d %H:%M:%f','now', 'localtime'), 'others');

INSERT INTO SERVICE(ID, OFFICE_ID, NAME, DATE_UPDATED, DATE_ADDED, STATUS) VALUES (534, 42, 'network HW standard', strftime('%Y-%m-%d %H:%M:%f','now', 'localtime'), strftime('%Y-%m-%d %H:%M:%f','now', 'localtime'), 'others');
INSERT INTO SERVICE(ID, OFFICE_ID, NAME, DATE_UPDATED, DATE_ADDED, STATUS) VALUES (535, 42, 'IDF standard', strftime('%Y-%m-%d %H:%M:%f','now', 'localtime'), strftime('%Y-%m-%d %H:%M:%f','now', 'localtime'), 'others');
INSERT INTO SERVICE(ID, OFFICE_ID, NAME, DATE_UPDATED, DATE_ADDED, STATUS) VALUES (536, 42, 'network bandwith', strftime('%Y-%m-%d %H:%M:%f','now', 'localtime'), strftime('%Y-%m-%d %H:%M:%f','now', 'localtime'), 'others');
INSERT INTO SERVICE(ID, OFFICE_ID, NAME, DATE_UPDATED, DATE_ADDED, STATUS) VALUES (537, 42, 'IT catalog', strftime('%Y-%m-%d %H:%M:%f','now', 'localtime'), strftime('%Y-%m-%d %H:%M:%f','now', 'localtime'), 'others');
INSERT INTO SERVICE(ID, OFFICE_ID, NAME, DATE_UPDATED, DATE_ADDED, STATUS) VALUES (538, 42, 'Room tools', strftime('%Y-%m-%d %H:%M:%f','now', 'localtime'), strftime('%Y-%m-%d %H:%M:%f','now', 'localtime'), 'others');
INSERT INTO SERVICE(ID, OFFICE_ID, NAME, DATE_UPDATED, DATE_ADDED, STATUS) VALUES (539, 42, 'Insights wall', strftime('%Y-%m-%d %H:%M:%f','now', 'localtime'), strftime('%Y-%m-%d %H:%M:%f','now', 'localtime'), 'others');
INSERT INTO SERVICE(ID, OFFICE_ID, NAME, DATE_UPDATED, DATE_ADDED, STATUS) VALUES (540, 42, 'Write on Me Wall', strftime('%Y-%m-%d %H:%M:%f','now', 'localtime'), strftime('%Y-%m-%d %H:%M:%f','now', 'localtime'), 'others');
INSERT INTO SERVICE(ID, OFFICE_ID, NAME, DATE_UPDATED, DATE_ADDED, STATUS) VALUES (541, 42, 'Vending Machine', strftime('%Y-%m-%d %H:%M:%f','now', 'localtime'), strftime('%Y-%m-%d %H:%M:%f','now', 'localtime'), 'others');
INSERT INTO SERVICE(ID, OFFICE_ID, NAME, DATE_UPDATED, DATE_ADDED, STATUS) VALUES (542, 42, 'WayFinder', strftime('%Y-%m-%d %H:%M:%f','now', 'localtime'), strftime('%Y-%m-%d %H:%M:%f','now', 'localtime'), 'others');
INSERT INTO SERVICE(ID, OFFICE_ID, NAME, DATE_UPDATED, DATE_ADDED, STATUS) VALUES (543, 42, 'HelpDesk', strftime('%Y-%m-%d %H:%M:%f','now', 'localtime'), strftime('%Y-%m-%d %H:%M:%f','now', 'localtime'), 'others');
INSERT INTO SERVICE(ID, OFFICE_ID, NAME, DATE_UPDATED, DATE_ADDED, STATUS) VALUES (544, 42, 'IT storage', strftime('%Y-%m-%d %H:%M:%f','now', 'localtime'), strftime('%Y-%m-%d %H:%M:%f','now', 'localtime'), 'others');
INSERT INTO SERVICE(ID, OFFICE_ID, NAME, DATE_UPDATED, DATE_ADDED, STATUS) VALUES (545, 42, 'AV/VC standards', strftime('%Y-%m-%d %H:%M:%f','now', 'localtime'), strftime('%Y-%m-%d %H:%M:%f','now', 'localtime'), 'others');
INSERT INTO SERVICE(ID, OFFICE_ID, NAME, DATE_UPDATED, DATE_ADDED, STATUS) VALUES (546, 42, 'VC density (>75%)', strftime('%Y-%m-%d %H:%M:%f','now', 'localtime'), strftime('%Y-%m-%d %H:%M:%f','now', 'localtime'), 'others');

INSERT INTO SERVICE(ID, OFFICE_ID, NAME, DATE_UPDATED, DATE_ADDED, STATUS) VALUES (547, 43, 'network HW standard', strftime('%Y-%m-%d %H:%M:%f','now', 'localtime'), strftime('%Y-%m-%d %H:%M:%f','now', 'localtime'), 'others');
INSERT INTO SERVICE(ID, OFFICE_ID, NAME, DATE_UPDATED, DATE_ADDED, STATUS) VALUES (548, 43, 'IDF standard', strftime('%Y-%m-%d %H:%M:%f','now', 'localtime'), strftime('%Y-%m-%d %H:%M:%f','now', 'localtime'), 'others');
INSERT INTO SERVICE(ID, OFFICE_ID, NAME, DATE_UPDATED, DATE_ADDED, STATUS) VALUES (549, 43, 'network bandwith', strftime('%Y-%m-%d %H:%M:%f','now', 'localtime'), strftime('%Y-%m-%d %H:%M:%f','now', 'localtime'), 'others');
INSERT INTO SERVICE(ID, OFFICE_ID, NAME, DATE_UPDATED, DATE_ADDED, STATUS) VALUES (550, 43, 'IT catalog', strftime('%Y-%m-%d %H:%M:%f','now', 'localtime'), strftime('%Y-%m-%d %H:%M:%f','now', 'localtime'), 'others');
INSERT INTO SERVICE(ID, OFFICE_ID, NAME, DATE_UPDATED, DATE_ADDED, STATUS) VALUES (551, 43, 'Room tools', strftime('%Y-%m-%d %H:%M:%f','now', 'localtime'), strftime('%Y-%m-%d %H:%M:%f','now', 'localtime'), 'others');
INSERT INTO SERVICE(ID, OFFICE_ID, NAME, DATE_UPDATED, DATE_ADDED, STATUS) VALUES (552, 43, 'Insights wall', strftime('%Y-%m-%d %H:%M:%f','now', 'localtime'), strftime('%Y-%m-%d %H:%M:%f','now', 'localtime'), 'others');
INSERT INTO SERVICE(ID, OFFICE_ID, NAME, DATE_UPDATED, DATE_ADDED, STATUS) VALUES (553, 43, 'Write on Me Wall', strftime('%Y-%m-%d %H:%M:%f','now', 'localtime'), strftime('%Y-%m-%d %H:%M:%f','now', 'localtime'), 'others');
INSERT INTO SERVICE(ID, OFFICE_ID, NAME, DATE_UPDATED, DATE_ADDED, STATUS) VALUES (554, 43, 'Vending Machine', strftime('%Y-%m-%d %H:%M:%f','now', 'localtime'), strftime('%Y-%m-%d %H:%M:%f','now', 'localtime'), 'others');
INSERT INTO SERVICE(ID, OFFICE_ID, NAME, DATE_UPDATED, DATE_ADDED, STATUS) VALUES (555, 43, 'WayFinder', strftime('%Y-%m-%d %H:%M:%f','now', 'localtime'), strftime('%Y-%m-%d %H:%M:%f','now', 'localtime'), 'others');
INSERT INTO SERVICE(ID, OFFICE_ID, NAME, DATE_UPDATED, DATE_ADDED, STATUS) VALUES (556, 43, 'HelpDesk', strftime('%Y-%m-%d %H:%M:%f','now', 'localtime'), strftime('%Y-%m-%d %H:%M:%f','now', 'localtime'), 'others');
INSERT INTO SERVICE(ID, OFFICE_ID, NAME, DATE_UPDATED, DATE_ADDED, STATUS) VALUES (557, 43, 'IT storage', strftime('%Y-%m-%d %H:%M:%f','now', 'localtime'), strftime('%Y-%m-%d %H:%M:%f','now', 'localtime'), 'others');
INSERT INTO SERVICE(ID, OFFICE_ID, NAME, DATE_UPDATED, DATE_ADDED, STATUS) VALUES (558, 43, 'AV/VC standards', strftime('%Y-%m-%d %H:%M:%f','now', 'localtime'), strftime('%Y-%m-%d %H:%M:%f','now', 'localtime'), 'others');
INSERT INTO SERVICE(ID, OFFICE_ID, NAME, DATE_UPDATED, DATE_ADDED, STATUS) VALUES (559, 43, 'VC density (>75%)', strftime('%Y-%m-%d %H:%M:%f','now', 'localtime'), strftime('%Y-%m-%d %H:%M:%f','now', 'localtime'), 'others');

INSERT INTO SERVICE(ID, OFFICE_ID, NAME, DATE_UPDATED, DATE_ADDED, STATUS) VALUES (560, 44, 'network HW standard', strftime('%Y-%m-%d %H:%M:%f','now', 'localtime'), strftime('%Y-%m-%d %H:%M:%f','now', 'localtime'), 'others');
INSERT INTO SERVICE(ID, OFFICE_ID, NAME, DATE_UPDATED, DATE_ADDED, STATUS) VALUES (561, 44, 'IDF standard', strftime('%Y-%m-%d %H:%M:%f','now', 'localtime'), strftime('%Y-%m-%d %H:%M:%f','now', 'localtime'), 'others');
INSERT INTO SERVICE(ID, OFFICE_ID, NAME, DATE_UPDATED, DATE_ADDED, STATUS) VALUES (562, 44, 'network bandwith', strftime('%Y-%m-%d %H:%M:%f','now', 'localtime'), strftime('%Y-%m-%d %H:%M:%f','now', 'localtime'), 'others');
INSERT INTO SERVICE(ID, OFFICE_ID, NAME, DATE_UPDATED, DATE_ADDED, STATUS) VALUES (563, 44, 'IT catalog', strftime('%Y-%m-%d %H:%M:%f','now', 'localtime'), strftime('%Y-%m-%d %H:%M:%f','now', 'localtime'), 'others');
INSERT INTO SERVICE(ID, OFFICE_ID, NAME, DATE_UPDATED, DATE_ADDED, STATUS) VALUES (564, 44, 'Room tools', strftime('%Y-%m-%d %H:%M:%f','now', 'localtime'), strftime('%Y-%m-%d %H:%M:%f','now', 'localtime'), 'others');
INSERT INTO SERVICE(ID, OFFICE_ID, NAME, DATE_UPDATED, DATE_ADDED, STATUS) VALUES (565, 44, 'Insights wall', strftime('%Y-%m-%d %H:%M:%f','now', 'localtime'), strftime('%Y-%m-%d %H:%M:%f','now', 'localtime'), 'others');
INSERT INTO SERVICE(ID, OFFICE_ID, NAME, DATE_UPDATED, DATE_ADDED, STATUS) VALUES (566, 44, 'Write on Me Wall', strftime('%Y-%m-%d %H:%M:%f','now', 'localtime'), strftime('%Y-%m-%d %H:%M:%f','now', 'localtime'), 'others');
INSERT INTO SERVICE(ID, OFFICE_ID, NAME, DATE_UPDATED, DATE_ADDED, STATUS) VALUES (567, 44, 'Vending Machine', strftime('%Y-%m-%d %H:%M:%f','now', 'localtime'), strftime('%Y-%m-%d %H:%M:%f','now', 'localtime'), 'others');
INSERT INTO SERVICE(ID, OFFICE_ID, NAME, DATE_UPDATED, DATE_ADDED, STATUS) VALUES (568, 44, 'WayFinder', strftime('%Y-%m-%d %H:%M:%f','now', 'localtime'), strftime('%Y-%m-%d %H:%M:%f','now', 'localtime'), 'others');
INSERT INTO SERVICE(ID, OFFICE_ID, NAME, DATE_UPDATED, DATE_ADDED, STATUS) VALUES (569, 44, 'HelpDesk', strftime('%Y-%m-%d %H:%M:%f','now', 'localtime'), strftime('%Y-%m-%d %H:%M:%f','now', 'localtime'), 'others');
INSERT INTO SERVICE(ID, OFFICE_ID, NAME, DATE_UPDATED, DATE_ADDED, STATUS) VALUES (570, 44, 'IT storage', strftime('%Y-%m-%d %H:%M:%f','now', 'localtime'), strftime('%Y-%m-%d %H:%M:%f','now', 'localtime'), 'others');
INSERT INTO SERVICE(ID, OFFICE_ID, NAME, DATE_UPDATED, DATE_ADDED, STATUS) VALUES (571, 44, 'AV/VC standards', strftime('%Y-%m-%d %H:%M:%f','now', 'localtime'), strftime('%Y-%m-%d %H:%M:%f','now', 'localtime'), 'others');
INSERT INTO SERVICE(ID, OFFICE_ID, NAME, DATE_UPDATED, DATE_ADDED, STATUS) VALUES (572, 44, 'VC density (>75%)', strftime('%Y-%m-%d %H:%M:%f','now', 'localtime'), strftime('%Y-%m-%d %H:%M:%f','now', 'localtime'), 'others');

INSERT INTO SERVICE(ID, OFFICE_ID, NAME, DATE_UPDATED, DATE_ADDED, STATUS) VALUES (573, 45, 'network HW standard', strftime('%Y-%m-%d %H:%M:%f','now', 'localtime'), strftime('%Y-%m-%d %H:%M:%f','now', 'localtime'), 'others');
INSERT INTO SERVICE(ID, OFFICE_ID, NAME, DATE_UPDATED, DATE_ADDED, STATUS) VALUES (574, 45, 'IDF standard', strftime('%Y-%m-%d %H:%M:%f','now', 'localtime'), strftime('%Y-%m-%d %H:%M:%f','now', 'localtime'), 'others');
INSERT INTO SERVICE(ID, OFFICE_ID, NAME, DATE_UPDATED, DATE_ADDED, STATUS) VALUES (575, 45, 'network bandwith', strftime('%Y-%m-%d %H:%M:%f','now', 'localtime'), strftime('%Y-%m-%d %H:%M:%f','now', 'localtime'), 'others');
INSERT INTO SERVICE(ID, OFFICE_ID, NAME, DATE_UPDATED, DATE_ADDED, STATUS) VALUES (576, 45, 'IT catalog', strftime('%Y-%m-%d %H:%M:%f','now', 'localtime'), strftime('%Y-%m-%d %H:%M:%f','now', 'localtime'), 'others');
INSERT INTO SERVICE(ID, OFFICE_ID, NAME, DATE_UPDATED, DATE_ADDED, STATUS) VALUES (577, 45, 'Room tools', strftime('%Y-%m-%d %H:%M:%f','now', 'localtime'), strftime('%Y-%m-%d %H:%M:%f','now', 'localtime'), 'others');
INSERT INTO SERVICE(ID, OFFICE_ID, NAME, DATE_UPDATED, DATE_ADDED, STATUS) VALUES (578, 45, 'Insights wall', strftime('%Y-%m-%d %H:%M:%f','now', 'localtime'), strftime('%Y-%m-%d %H:%M:%f','now', 'localtime'), 'others');
INSERT INTO SERVICE(ID, OFFICE_ID, NAME, DATE_UPDATED, DATE_ADDED, STATUS) VALUES (579, 45, 'Write on Me Wall', strftime('%Y-%m-%d %H:%M:%f','now', 'localtime'), strftime('%Y-%m-%d %H:%M:%f','now', 'localtime'), 'others');
INSERT INTO SERVICE(ID, OFFICE_ID, NAME, DATE_UPDATED, DATE_ADDED, STATUS) VALUES (580, 45, 'Vending Machine', strftime('%Y-%m-%d %H:%M:%f','now', 'localtime'), strftime('%Y-%m-%d %H:%M:%f','now', 'localtime'), 'others');
INSERT INTO SERVICE(ID, OFFICE_ID, NAME, DATE_UPDATED, DATE_ADDED, STATUS) VALUES (581, 45, 'WayFinder', strftime('%Y-%m-%d %H:%M:%f','now', 'localtime'), strftime('%Y-%m-%d %H:%M:%f','now', 'localtime'), 'others');
INSERT INTO SERVICE(ID, OFFICE_ID, NAME, DATE_UPDATED, DATE_ADDED, STATUS) VALUES (582, 45, 'HelpDesk', strftime('%Y-%m-%d %H:%M:%f','now', 'localtime'), strftime('%Y-%m-%d %H:%M:%f','now', 'localtime'), 'others');
INSERT INTO SERVICE(ID, OFFICE_ID, NAME, DATE_UPDATED, DATE_ADDED, STATUS) VALUES (583, 45, 'IT storage', strftime('%Y-%m-%d %H:%M:%f','now', 'localtime'), strftime('%Y-%m-%d %H:%M:%f','now', 'localtime'), 'others');
INSERT INTO SERVICE(ID, OFFICE_ID, NAME, DATE_UPDATED, DATE_ADDED, STATUS) VALUES (584, 45, 'AV/VC standards', strftime('%Y-%m-%d %H:%M:%f','now', 'localtime'), strftime('%Y-%m-%d %H:%M:%f','now', 'localtime'), 'others');
INSERT INTO SERVICE(ID, OFFICE_ID, NAME, DATE_UPDATED, DATE_ADDED, STATUS) VALUES (585, 45, 'VC density (>75%)', strftime('%Y-%m-%d %H:%M:%f','now', 'localtime'), strftime('%Y-%m-%d %H:%M:%f','now', 'localtime'), 'others');

INSERT INTO SERVICE(ID, OFFICE_ID, NAME, DATE_UPDATED, DATE_ADDED, STATUS) VALUES (586, 46, 'network HW standard', strftime('%Y-%m-%d %H:%M:%f','now', 'localtime'), strftime('%Y-%m-%d %H:%M:%f','now', 'localtime'), 'others');
INSERT INTO SERVICE(ID, OFFICE_ID, NAME, DATE_UPDATED, DATE_ADDED, STATUS) VALUES (587, 46, 'IDF standard', strftime('%Y-%m-%d %H:%M:%f','now', 'localtime'), strftime('%Y-%m-%d %H:%M:%f','now', 'localtime'), 'others');
INSERT INTO SERVICE(ID, OFFICE_ID, NAME, DATE_UPDATED, DATE_ADDED, STATUS) VALUES (588, 46, 'network bandwith', strftime('%Y-%m-%d %H:%M:%f','now', 'localtime'), strftime('%Y-%m-%d %H:%M:%f','now', 'localtime'), 'others');
INSERT INTO SERVICE(ID, OFFICE_ID, NAME, DATE_UPDATED, DATE_ADDED, STATUS) VALUES (589, 46, 'IT catalog', strftime('%Y-%m-%d %H:%M:%f','now', 'localtime'), strftime('%Y-%m-%d %H:%M:%f','now', 'localtime'), 'others');
INSERT INTO SERVICE(ID, OFFICE_ID, NAME, DATE_UPDATED, DATE_ADDED, STATUS) VALUES (590, 46, 'Room tools', strftime('%Y-%m-%d %H:%M:%f','now', 'localtime'), strftime('%Y-%m-%d %H:%M:%f','now', 'localtime'), 'others');
INSERT INTO SERVICE(ID, OFFICE_ID, NAME, DATE_UPDATED, DATE_ADDED, STATUS) VALUES (591, 46, 'Insights wall', strftime('%Y-%m-%d %H:%M:%f','now', 'localtime'), strftime('%Y-%m-%d %H:%M:%f','now', 'localtime'), 'others');
INSERT INTO SERVICE(ID, OFFICE_ID, NAME, DATE_UPDATED, DATE_ADDED, STATUS) VALUES (592, 46, 'Write on Me Wall', strftime('%Y-%m-%d %H:%M:%f','now', 'localtime'), strftime('%Y-%m-%d %H:%M:%f','now', 'localtime'), 'others');
INSERT INTO SERVICE(ID, OFFICE_ID, NAME, DATE_UPDATED, DATE_ADDED, STATUS) VALUES (593, 46, 'Vending Machine', strftime('%Y-%m-%d %H:%M:%f','now', 'localtime'), strftime('%Y-%m-%d %H:%M:%f','now', 'localtime'), 'others');
INSERT INTO SERVICE(ID, OFFICE_ID, NAME, DATE_UPDATED, DATE_ADDED, STATUS) VALUES (594, 46, 'WayFinder', strftime('%Y-%m-%d %H:%M:%f','now', 'localtime'), strftime('%Y-%m-%d %H:%M:%f','now', 'localtime'), 'others');
INSERT INTO SERVICE(ID, OFFICE_ID, NAME, DATE_UPDATED, DATE_ADDED, STATUS) VALUES (595, 46, 'HelpDesk', strftime('%Y-%m-%d %H:%M:%f','now', 'localtime'), strftime('%Y-%m-%d %H:%M:%f','now', 'localtime'), 'others');
INSERT INTO SERVICE(ID, OFFICE_ID, NAME, DATE_UPDATED, DATE_ADDED, STATUS) VALUES (596, 46, 'IT storage', strftime('%Y-%m-%d %H:%M:%f','now', 'localtime'), strftime('%Y-%m-%d %H:%M:%f','now', 'localtime'), 'others');
INSERT INTO SERVICE(ID, OFFICE_ID, NAME, DATE_UPDATED, DATE_ADDED, STATUS) VALUES (597, 46, 'AV/VC standards', strftime('%Y-%m-%d %H:%M:%f','now', 'localtime'), strftime('%Y-%m-%d %H:%M:%f','now', 'localtime'), 'others');
INSERT INTO SERVICE(ID, OFFICE_ID, NAME, DATE_UPDATED, DATE_ADDED, STATUS) VALUES (598, 46, 'VC density (>75%)', strftime('%Y-%m-%d %H:%M:%f','now', 'localtime'), strftime('%Y-%m-%d %H:%M:%f','now', 'localtime'), 'others');

INSERT INTO SERVICE(ID, OFFICE_ID, NAME, DATE_UPDATED, DATE_ADDED, STATUS) VALUES (599, 47, 'network HW standard', strftime('%Y-%m-%d %H:%M:%f','now', 'localtime'), strftime('%Y-%m-%d %H:%M:%f','now', 'localtime'), 'others');
INSERT INTO SERVICE(ID, OFFICE_ID, NAME, DATE_UPDATED, DATE_ADDED, STATUS) VALUES (600, 47, 'IDF standard', strftime('%Y-%m-%d %H:%M:%f','now', 'localtime'), strftime('%Y-%m-%d %H:%M:%f','now', 'localtime'), 'others');
INSERT INTO SERVICE(ID, OFFICE_ID, NAME, DATE_UPDATED, DATE_ADDED, STATUS) VALUES (601, 47, 'network bandwith', strftime('%Y-%m-%d %H:%M:%f','now', 'localtime'), strftime('%Y-%m-%d %H:%M:%f','now', 'localtime'), 'others');
INSERT INTO SERVICE(ID, OFFICE_ID, NAME, DATE_UPDATED, DATE_ADDED, STATUS) VALUES (602, 47, 'IT catalog', strftime('%Y-%m-%d %H:%M:%f','now', 'localtime'), strftime('%Y-%m-%d %H:%M:%f','now', 'localtime'), 'others');
INSERT INTO SERVICE(ID, OFFICE_ID, NAME, DATE_UPDATED, DATE_ADDED, STATUS) VALUES (603, 47, 'Room tools', strftime('%Y-%m-%d %H:%M:%f','now', 'localtime'), strftime('%Y-%m-%d %H:%M:%f','now', 'localtime'), 'others');
INSERT INTO SERVICE(ID, OFFICE_ID, NAME, DATE_UPDATED, DATE_ADDED, STATUS) VALUES (604, 47, 'Insights wall', strftime('%Y-%m-%d %H:%M:%f','now', 'localtime'), strftime('%Y-%m-%d %H:%M:%f','now', 'localtime'), 'others');
INSERT INTO SERVICE(ID, OFFICE_ID, NAME, DATE_UPDATED, DATE_ADDED, STATUS) VALUES (605, 47, 'Write on Me Wall', strftime('%Y-%m-%d %H:%M:%f','now', 'localtime'), strftime('%Y-%m-%d %H:%M:%f','now', 'localtime'), 'others');
INSERT INTO SERVICE(ID, OFFICE_ID, NAME, DATE_UPDATED, DATE_ADDED, STATUS) VALUES (606, 47, 'Vending Machine', strftime('%Y-%m-%d %H:%M:%f','now', 'localtime'), strftime('%Y-%m-%d %H:%M:%f','now', 'localtime'), 'others');
INSERT INTO SERVICE(ID, OFFICE_ID, NAME, DATE_UPDATED, DATE_ADDED, STATUS) VALUES (607, 47, 'WayFinder', strftime('%Y-%m-%d %H:%M:%f','now', 'localtime'), strftime('%Y-%m-%d %H:%M:%f','now', 'localtime'), 'others');
INSERT INTO SERVICE(ID, OFFICE_ID, NAME, DATE_UPDATED, DATE_ADDED, STATUS) VALUES (608, 47, 'HelpDesk', strftime('%Y-%m-%d %H:%M:%f','now', 'localtime'), strftime('%Y-%m-%d %H:%M:%f','now', 'localtime'), 'others');
INSERT INTO SERVICE(ID, OFFICE_ID, NAME, DATE_UPDATED, DATE_ADDED, STATUS) VALUES (609, 47, 'IT storage', strftime('%Y-%m-%d %H:%M:%f','now', 'localtime'), strftime('%Y-%m-%d %H:%M:%f','now', 'localtime'), 'others');
INSERT INTO SERVICE(ID, OFFICE_ID, NAME, DATE_UPDATED, DATE_ADDED, STATUS) VALUES (610, 47, 'AV/VC standards', strftime('%Y-%m-%d %H:%M:%f','now', 'localtime'), strftime('%Y-%m-%d %H:%M:%f','now', 'localtime'), 'others');
INSERT INTO SERVICE(ID, OFFICE_ID, NAME, DATE_UPDATED, DATE_ADDED, STATUS) VALUES (611, 47, 'VC density (>75%)', strftime('%Y-%m-%d %H:%M:%f','now', 'localtime'), strftime('%Y-%m-%d %H:%M:%f','now', 'localtime'), 'others');

INSERT INTO SERVICE(ID, OFFICE_ID, NAME, DATE_UPDATED, DATE_ADDED, STATUS) VALUES (612, 48, 'network HW standard', strftime('%Y-%m-%d %H:%M:%f','now', 'localtime'), strftime('%Y-%m-%d %H:%M:%f','now', 'localtime'), 'others');
INSERT INTO SERVICE(ID, OFFICE_ID, NAME, DATE_UPDATED, DATE_ADDED, STATUS) VALUES (613, 48, 'IDF standard', strftime('%Y-%m-%d %H:%M:%f','now', 'localtime'), strftime('%Y-%m-%d %H:%M:%f','now', 'localtime'), 'others');
INSERT INTO SERVICE(ID, OFFICE_ID, NAME, DATE_UPDATED, DATE_ADDED, STATUS) VALUES (614, 48, 'network bandwith', strftime('%Y-%m-%d %H:%M:%f','now', 'localtime'), strftime('%Y-%m-%d %H:%M:%f','now', 'localtime'), 'others');
INSERT INTO SERVICE(ID, OFFICE_ID, NAME, DATE_UPDATED, DATE_ADDED, STATUS) VALUES (615, 48, 'IT catalog', strftime('%Y-%m-%d %H:%M:%f','now', 'localtime'), strftime('%Y-%m-%d %H:%M:%f','now', 'localtime'), 'others');
INSERT INTO SERVICE(ID, OFFICE_ID, NAME, DATE_UPDATED, DATE_ADDED, STATUS) VALUES (616, 48, 'Room tools', strftime('%Y-%m-%d %H:%M:%f','now', 'localtime'), strftime('%Y-%m-%d %H:%M:%f','now', 'localtime'), 'others');
INSERT INTO SERVICE(ID, OFFICE_ID, NAME, DATE_UPDATED, DATE_ADDED, STATUS) VALUES (617, 48, 'Insights wall', strftime('%Y-%m-%d %H:%M:%f','now', 'localtime'), strftime('%Y-%m-%d %H:%M:%f','now', 'localtime'), 'others');
INSERT INTO SERVICE(ID, OFFICE_ID, NAME, DATE_UPDATED, DATE_ADDED, STATUS) VALUES (618, 48, 'Write on Me Wall', strftime('%Y-%m-%d %H:%M:%f','now', 'localtime'), strftime('%Y-%m-%d %H:%M:%f','now', 'localtime'), 'others');
INSERT INTO SERVICE(ID, OFFICE_ID, NAME, DATE_UPDATED, DATE_ADDED, STATUS) VALUES (619, 48, 'Vending Machine', strftime('%Y-%m-%d %H:%M:%f','now', 'localtime'), strftime('%Y-%m-%d %H:%M:%f','now', 'localtime'), 'others');
INSERT INTO SERVICE(ID, OFFICE_ID, NAME, DATE_UPDATED, DATE_ADDED, STATUS) VALUES (620, 48, 'WayFinder', strftime('%Y-%m-%d %H:%M:%f','now', 'localtime'), strftime('%Y-%m-%d %H:%M:%f','now', 'localtime'), 'others');
INSERT INTO SERVICE(ID, OFFICE_ID, NAME, DATE_UPDATED, DATE_ADDED, STATUS) VALUES (621, 48, 'HelpDesk', strftime('%Y-%m-%d %H:%M:%f','now', 'localtime'), strftime('%Y-%m-%d %H:%M:%f','now', 'localtime'), 'others');
INSERT INTO SERVICE(ID, OFFICE_ID, NAME, DATE_UPDATED, DATE_ADDED, STATUS) VALUES (622, 48, 'IT storage', strftime('%Y-%m-%d %H:%M:%f','now', 'localtime'), strftime('%Y-%m-%d %H:%M:%f','now', 'localtime'), 'others');
INSERT INTO SERVICE(ID, OFFICE_ID, NAME, DATE_UPDATED, DATE_ADDED, STATUS) VALUES (623, 48, 'AV/VC standards', strftime('%Y-%m-%d %H:%M:%f','now', 'localtime'), strftime('%Y-%m-%d %H:%M:%f','now', 'localtime'), 'others');
INSERT INTO SERVICE(ID, OFFICE_ID, NAME, DATE_UPDATED, DATE_ADDED, STATUS) VALUES (624, 48, 'VC density (>75%)', strftime('%Y-%m-%d %H:%M:%f','now', 'localtime'), strftime('%Y-%m-%d %H:%M:%f','now', 'localtime'), 'others');

INSERT INTO SERVICE(ID, OFFICE_ID, NAME, DATE_UPDATED, DATE_ADDED, STATUS) VALUES (625, 49, 'network HW standard', strftime('%Y-%m-%d %H:%M:%f','now', 'localtime'), strftime('%Y-%m-%d %H:%M:%f','now', 'localtime'), 'others');
INSERT INTO SERVICE(ID, OFFICE_ID, NAME, DATE_UPDATED, DATE_ADDED, STATUS) VALUES (626, 49, 'IDF standard', strftime('%Y-%m-%d %H:%M:%f','now', 'localtime'), strftime('%Y-%m-%d %H:%M:%f','now', 'localtime'), 'others');
INSERT INTO SERVICE(ID, OFFICE_ID, NAME, DATE_UPDATED, DATE_ADDED, STATUS) VALUES (627, 49, 'network bandwith', strftime('%Y-%m-%d %H:%M:%f','now', 'localtime'), strftime('%Y-%m-%d %H:%M:%f','now', 'localtime'), 'others');
INSERT INTO SERVICE(ID, OFFICE_ID, NAME, DATE_UPDATED, DATE_ADDED, STATUS) VALUES (628, 49, 'IT catalog', strftime('%Y-%m-%d %H:%M:%f','now', 'localtime'), strftime('%Y-%m-%d %H:%M:%f','now', 'localtime'), 'others');
INSERT INTO SERVICE(ID, OFFICE_ID, NAME, DATE_UPDATED, DATE_ADDED, STATUS) VALUES (629, 49, 'Room tools', strftime('%Y-%m-%d %H:%M:%f','now', 'localtime'), strftime('%Y-%m-%d %H:%M:%f','now', 'localtime'), 'others');
INSERT INTO SERVICE(ID, OFFICE_ID, NAME, DATE_UPDATED, DATE_ADDED, STATUS) VALUES (630, 49, 'Insights wall', strftime('%Y-%m-%d %H:%M:%f','now', 'localtime'), strftime('%Y-%m-%d %H:%M:%f','now', 'localtime'), 'others');
INSERT INTO SERVICE(ID, OFFICE_ID, NAME, DATE_UPDATED, DATE_ADDED, STATUS) VALUES (631, 49, 'Write on Me Wall', strftime('%Y-%m-%d %H:%M:%f','now', 'localtime'), strftime('%Y-%m-%d %H:%M:%f','now', 'localtime'), 'others');
INSERT INTO SERVICE(ID, OFFICE_ID, NAME, DATE_UPDATED, DATE_ADDED, STATUS) VALUES (632, 49, 'Vending Machine', strftime('%Y-%m-%d %H:%M:%f','now', 'localtime'), strftime('%Y-%m-%d %H:%M:%f','now', 'localtime'), 'others');
INSERT INTO SERVICE(ID, OFFICE_ID, NAME, DATE_UPDATED, DATE_ADDED, STATUS) VALUES (633, 49, 'WayFinder', strftime('%Y-%m-%d %H:%M:%f','now', 'localtime'), strftime('%Y-%m-%d %H:%M:%f','now', 'localtime'), 'others');
INSERT INTO SERVICE(ID, OFFICE_ID, NAME, DATE_UPDATED, DATE_ADDED, STATUS) VALUES (634, 49, 'HelpDesk', strftime('%Y-%m-%d %H:%M:%f','now', 'localtime'), strftime('%Y-%m-%d %H:%M:%f','now', 'localtime'), 'others');
INSERT INTO SERVICE(ID, OFFICE_ID, NAME, DATE_UPDATED, DATE_ADDED, STATUS) VALUES (635, 49, 'IT storage', strftime('%Y-%m-%d %H:%M:%f','now', 'localtime'), strftime('%Y-%m-%d %H:%M:%f','now', 'localtime'), 'others');
INSERT INTO SERVICE(ID, OFFICE_ID, NAME, DATE_UPDATED, DATE_ADDED, STATUS) VALUES (636, 49, 'AV/VC standards', strftime('%Y-%m-%d %H:%M:%f','now', 'localtime'), strftime('%Y-%m-%d %H:%M:%f','now', 'localtime'), 'others');
INSERT INTO SERVICE(ID, OFFICE_ID, NAME, DATE_UPDATED, DATE_ADDED, STATUS) VALUES (637, 49, 'VC density (>75%)', strftime('%Y-%m-%d %H:%M:%f','now', 'localtime'), strftime('%Y-%m-%d %H:%M:%f','now', 'localtime'), 'others');

INSERT INTO SERVICE(ID, OFFICE_ID, NAME, DATE_UPDATED, DATE_ADDED, STATUS) VALUES (638, 50, 'network HW standard', strftime('%Y-%m-%d %H:%M:%f','now', 'localtime'), strftime('%Y-%m-%d %H:%M:%f','now', 'localtime'), 'others');
INSERT INTO SERVICE(ID, OFFICE_ID, NAME, DATE_UPDATED, DATE_ADDED, STATUS) VALUES (639, 50, 'IDF standard', strftime('%Y-%m-%d %H:%M:%f','now', 'localtime'), strftime('%Y-%m-%d %H:%M:%f','now', 'localtime'), 'others');
INSERT INTO SERVICE(ID, OFFICE_ID, NAME, DATE_UPDATED, DATE_ADDED, STATUS) VALUES (640, 50, 'network bandwith', strftime('%Y-%m-%d %H:%M:%f','now', 'localtime'), strftime('%Y-%m-%d %H:%M:%f','now', 'localtime'), 'others');
INSERT INTO SERVICE(ID, OFFICE_ID, NAME, DATE_UPDATED, DATE_ADDED, STATUS) VALUES (641, 50, 'IT catalog', strftime('%Y-%m-%d %H:%M:%f','now', 'localtime'), strftime('%Y-%m-%d %H:%M:%f','now', 'localtime'), 'others');
INSERT INTO SERVICE(ID, OFFICE_ID, NAME, DATE_UPDATED, DATE_ADDED, STATUS) VALUES (642, 50, 'Room tools', strftime('%Y-%m-%d %H:%M:%f','now', 'localtime'), strftime('%Y-%m-%d %H:%M:%f','now', 'localtime'), 'others');
INSERT INTO SERVICE(ID, OFFICE_ID, NAME, DATE_UPDATED, DATE_ADDED, STATUS) VALUES (643, 50, 'Insights wall', strftime('%Y-%m-%d %H:%M:%f','now', 'localtime'), strftime('%Y-%m-%d %H:%M:%f','now', 'localtime'), 'others');
INSERT INTO SERVICE(ID, OFFICE_ID, NAME, DATE_UPDATED, DATE_ADDED, STATUS) VALUES (644, 50, 'Write on Me Wall', strftime('%Y-%m-%d %H:%M:%f','now', 'localtime'), strftime('%Y-%m-%d %H:%M:%f','now', 'localtime'), 'others');
INSERT INTO SERVICE(ID, OFFICE_ID, NAME, DATE_UPDATED, DATE_ADDED, STATUS) VALUES (645, 50, 'Vending Machine', strftime('%Y-%m-%d %H:%M:%f','now', 'localtime'), strftime('%Y-%m-%d %H:%M:%f','now', 'localtime'), 'others');
INSERT INTO SERVICE(ID, OFFICE_ID, NAME, DATE_UPDATED, DATE_ADDED, STATUS) VALUES (646, 50, 'WayFinder', strftime('%Y-%m-%d %H:%M:%f','now', 'localtime'), strftime('%Y-%m-%d %H:%M:%f','now', 'localtime'), 'others');
INSERT INTO SERVICE(ID, OFFICE_ID, NAME, DATE_UPDATED, DATE_ADDED, STATUS) VALUES (647, 50, 'HelpDesk', strftime('%Y-%m-%d %H:%M:%f','now', 'localtime'), strftime('%Y-%m-%d %H:%M:%f','now', 'localtime'), 'others');
INSERT INTO SERVICE(ID, OFFICE_ID, NAME, DATE_UPDATED, DATE_ADDED, STATUS) VALUES (648, 50, 'IT storage', strftime('%Y-%m-%d %H:%M:%f','now', 'localtime'), strftime('%Y-%m-%d %H:%M:%f','now', 'localtime'), 'others');
INSERT INTO SERVICE(ID, OFFICE_ID, NAME, DATE_UPDATED, DATE_ADDED, STATUS) VALUES (649, 50, 'AV/VC standards', strftime('%Y-%m-%d %H:%M:%f','now', 'localtime'), strftime('%Y-%m-%d %H:%M:%f','now', 'localtime'), 'others');
INSERT INTO SERVICE(ID, OFFICE_ID, NAME, DATE_UPDATED, DATE_ADDED, STATUS) VALUES (650, 50, 'VC density (>75%)', strftime('%Y-%m-%d %H:%M:%f','now', 'localtime'), strftime('%Y-%m-%d %H:%M:%f','now', 'localtime'), 'others');

INSERT INTO SERVICE(ID, OFFICE_ID, NAME, DATE_UPDATED, DATE_ADDED, STATUS) VALUES (651, 51, 'network HW standard', strftime('%Y-%m-%d %H:%M:%f','now', 'localtime'), strftime('%Y-%m-%d %H:%M:%f','now', 'localtime'), 'others');
INSERT INTO SERVICE(ID, OFFICE_ID, NAME, DATE_UPDATED, DATE_ADDED, STATUS) VALUES (652, 51, 'IDF standard', strftime('%Y-%m-%d %H:%M:%f','now', 'localtime'), strftime('%Y-%m-%d %H:%M:%f','now', 'localtime'), 'others');
INSERT INTO SERVICE(ID, OFFICE_ID, NAME, DATE_UPDATED, DATE_ADDED, STATUS) VALUES (653, 51, 'network bandwith', strftime('%Y-%m-%d %H:%M:%f','now', 'localtime'), strftime('%Y-%m-%d %H:%M:%f','now', 'localtime'), 'others');
INSERT INTO SERVICE(ID, OFFICE_ID, NAME, DATE_UPDATED, DATE_ADDED, STATUS) VALUES (654, 51, 'IT catalog', strftime('%Y-%m-%d %H:%M:%f','now', 'localtime'), strftime('%Y-%m-%d %H:%M:%f','now', 'localtime'), 'others');
INSERT INTO SERVICE(ID, OFFICE_ID, NAME, DATE_UPDATED, DATE_ADDED, STATUS) VALUES (655, 51, 'Room tools', strftime('%Y-%m-%d %H:%M:%f','now', 'localtime'), strftime('%Y-%m-%d %H:%M:%f','now', 'localtime'), 'others');
INSERT INTO SERVICE(ID, OFFICE_ID, NAME, DATE_UPDATED, DATE_ADDED, STATUS) VALUES (656, 51, 'Insights wall', strftime('%Y-%m-%d %H:%M:%f','now', 'localtime'), strftime('%Y-%m-%d %H:%M:%f','now', 'localtime'), 'others');
INSERT INTO SERVICE(ID, OFFICE_ID, NAME, DATE_UPDATED, DATE_ADDED, STATUS) VALUES (657, 51, 'Write on Me Wall', strftime('%Y-%m-%d %H:%M:%f','now', 'localtime'), strftime('%Y-%m-%d %H:%M:%f','now', 'localtime'), 'others');
INSERT INTO SERVICE(ID, OFFICE_ID, NAME, DATE_UPDATED, DATE_ADDED, STATUS) VALUES (658, 51, 'Vending Machine', strftime('%Y-%m-%d %H:%M:%f','now', 'localtime'), strftime('%Y-%m-%d %H:%M:%f','now', 'localtime'), 'others');
INSERT INTO SERVICE(ID, OFFICE_ID, NAME, DATE_UPDATED, DATE_ADDED, STATUS) VALUES (659, 51, 'WayFinder', strftime('%Y-%m-%d %H:%M:%f','now', 'localtime'), strftime('%Y-%m-%d %H:%M:%f','now', 'localtime'), 'others');
INSERT INTO SERVICE(ID, OFFICE_ID, NAME, DATE_UPDATED, DATE_ADDED, STATUS) VALUES (660, 51, 'HelpDesk', strftime('%Y-%m-%d %H:%M:%f','now', 'localtime'), strftime('%Y-%m-%d %H:%M:%f','now', 'localtime'), 'others');
INSERT INTO SERVICE(ID, OFFICE_ID, NAME, DATE_UPDATED, DATE_ADDED, STATUS) VALUES (661, 51, 'IT storage', strftime('%Y-%m-%d %H:%M:%f','now', 'localtime'), strftime('%Y-%m-%d %H:%M:%f','now', 'localtime'), 'others');
INSERT INTO SERVICE(ID, OFFICE_ID, NAME, DATE_UPDATED, DATE_ADDED, STATUS) VALUES (662, 51, 'AV/VC standards', strftime('%Y-%m-%d %H:%M:%f','now', 'localtime'), strftime('%Y-%m-%d %H:%M:%f','now', 'localtime'), 'others');
INSERT INTO SERVICE(ID, OFFICE_ID, NAME, DATE_UPDATED, DATE_ADDED, STATUS) VALUES (663, 51, 'VC density (>75%)', strftime('%Y-%m-%d %H:%M:%f','now', 'localtime'), strftime('%Y-%m-%d %H:%M:%f','now', 'localtime'), 'others');

INSERT INTO SERVICE(ID, OFFICE_ID, NAME, DATE_UPDATED, DATE_ADDED, STATUS) VALUES (664, 52, 'network HW standard', strftime('%Y-%m-%d %H:%M:%f','now', 'localtime'), strftime('%Y-%m-%d %H:%M:%f','now', 'localtime'), 'others');
INSERT INTO SERVICE(ID, OFFICE_ID, NAME, DATE_UPDATED, DATE_ADDED, STATUS) VALUES (665, 52, 'IDF standard', strftime('%Y-%m-%d %H:%M:%f','now', 'localtime'), strftime('%Y-%m-%d %H:%M:%f','now', 'localtime'), 'others');
INSERT INTO SERVICE(ID, OFFICE_ID, NAME, DATE_UPDATED, DATE_ADDED, STATUS) VALUES (666, 52, 'network bandwith', strftime('%Y-%m-%d %H:%M:%f','now', 'localtime'), strftime('%Y-%m-%d %H:%M:%f','now', 'localtime'), 'others');
INSERT INTO SERVICE(ID, OFFICE_ID, NAME, DATE_UPDATED, DATE_ADDED, STATUS) VALUES (667, 52, 'IT catalog', strftime('%Y-%m-%d %H:%M:%f','now', 'localtime'), strftime('%Y-%m-%d %H:%M:%f','now', 'localtime'), 'others');
INSERT INTO SERVICE(ID, OFFICE_ID, NAME, DATE_UPDATED, DATE_ADDED, STATUS) VALUES (668, 52, 'Room tools', strftime('%Y-%m-%d %H:%M:%f','now', 'localtime'), strftime('%Y-%m-%d %H:%M:%f','now', 'localtime'), 'others');
INSERT INTO SERVICE(ID, OFFICE_ID, NAME, DATE_UPDATED, DATE_ADDED, STATUS) VALUES (669, 52, 'Insights wall', strftime('%Y-%m-%d %H:%M:%f','now', 'localtime'), strftime('%Y-%m-%d %H:%M:%f','now', 'localtime'), 'others');
INSERT INTO SERVICE(ID, OFFICE_ID, NAME, DATE_UPDATED, DATE_ADDED, STATUS) VALUES (670, 52, 'Write on Me Wall', strftime('%Y-%m-%d %H:%M:%f','now', 'localtime'), strftime('%Y-%m-%d %H:%M:%f','now', 'localtime'), 'others');
INSERT INTO SERVICE(ID, OFFICE_ID, NAME, DATE_UPDATED, DATE_ADDED, STATUS) VALUES (671, 52, 'Vending Machine', strftime('%Y-%m-%d %H:%M:%f','now', 'localtime'), strftime('%Y-%m-%d %H:%M:%f','now', 'localtime'), 'others');
INSERT INTO SERVICE(ID, OFFICE_ID, NAME, DATE_UPDATED, DATE_ADDED, STATUS) VALUES (672, 52, 'WayFinder', strftime('%Y-%m-%d %H:%M:%f','now', 'localtime'), strftime('%Y-%m-%d %H:%M:%f','now', 'localtime'), 'others');
INSERT INTO SERVICE(ID, OFFICE_ID, NAME, DATE_UPDATED, DATE_ADDED, STATUS) VALUES (673, 52, 'HelpDesk', strftime('%Y-%m-%d %H:%M:%f','now', 'localtime'), strftime('%Y-%m-%d %H:%M:%f','now', 'localtime'), 'others');
INSERT INTO SERVICE(ID, OFFICE_ID, NAME, DATE_UPDATED, DATE_ADDED, STATUS) VALUES (674, 52, 'IT storage', strftime('%Y-%m-%d %H:%M:%f','now', 'localtime'), strftime('%Y-%m-%d %H:%M:%f','now', 'localtime'), 'others');
INSERT INTO SERVICE(ID, OFFICE_ID, NAME, DATE_UPDATED, DATE_ADDED, STATUS) VALUES (675, 52, 'AV/VC standards', strftime('%Y-%m-%d %H:%M:%f','now', 'localtime'), strftime('%Y-%m-%d %H:%M:%f','now', 'localtime'), 'others');
INSERT INTO SERVICE(ID, OFFICE_ID, NAME, DATE_UPDATED, DATE_ADDED, STATUS) VALUES (676, 52, 'VC density (>75%)', strftime('%Y-%m-%d %H:%M:%f','now', 'localtime'), strftime('%Y-%m-%d %H:%M:%f','now', 'localtime'), 'others');

INSERT INTO SERVICE(ID, OFFICE_ID, NAME, DATE_UPDATED, DATE_ADDED, STATUS) VALUES (677, 53, 'network HW standard', strftime('%Y-%m-%d %H:%M:%f','now', 'localtime'), strftime('%Y-%m-%d %H:%M:%f','now', 'localtime'), 'others');
INSERT INTO SERVICE(ID, OFFICE_ID, NAME, DATE_UPDATED, DATE_ADDED, STATUS) VALUES (678, 53, 'IDF standard', strftime('%Y-%m-%d %H:%M:%f','now', 'localtime'), strftime('%Y-%m-%d %H:%M:%f','now', 'localtime'), 'others');
INSERT INTO SERVICE(ID, OFFICE_ID, NAME, DATE_UPDATED, DATE_ADDED, STATUS) VALUES (679, 53, 'network bandwith', strftime('%Y-%m-%d %H:%M:%f','now', 'localtime'), strftime('%Y-%m-%d %H:%M:%f','now', 'localtime'), 'others');
INSERT INTO SERVICE(ID, OFFICE_ID, NAME, DATE_UPDATED, DATE_ADDED, STATUS) VALUES (680, 53, 'IT catalog', strftime('%Y-%m-%d %H:%M:%f','now', 'localtime'), strftime('%Y-%m-%d %H:%M:%f','now', 'localtime'), 'others');
INSERT INTO SERVICE(ID, OFFICE_ID, NAME, DATE_UPDATED, DATE_ADDED, STATUS) VALUES (681, 53, 'Room tools', strftime('%Y-%m-%d %H:%M:%f','now', 'localtime'), strftime('%Y-%m-%d %H:%M:%f','now', 'localtime'), 'others');
INSERT INTO SERVICE(ID, OFFICE_ID, NAME, DATE_UPDATED, DATE_ADDED, STATUS) VALUES (682, 53, 'Insights wall', strftime('%Y-%m-%d %H:%M:%f','now', 'localtime'), strftime('%Y-%m-%d %H:%M:%f','now', 'localtime'), 'others');
INSERT INTO SERVICE(ID, OFFICE_ID, NAME, DATE_UPDATED, DATE_ADDED, STATUS) VALUES (683, 53, 'Write on Me Wall', strftime('%Y-%m-%d %H:%M:%f','now', 'localtime'), strftime('%Y-%m-%d %H:%M:%f','now', 'localtime'), 'others');
INSERT INTO SERVICE(ID, OFFICE_ID, NAME, DATE_UPDATED, DATE_ADDED, STATUS) VALUES (684, 53, 'Vending Machine', strftime('%Y-%m-%d %H:%M:%f','now', 'localtime'), strftime('%Y-%m-%d %H:%M:%f','now', 'localtime'), 'others');
INSERT INTO SERVICE(ID, OFFICE_ID, NAME, DATE_UPDATED, DATE_ADDED, STATUS) VALUES (685, 53, 'WayFinder', strftime('%Y-%m-%d %H:%M:%f','now', 'localtime'), strftime('%Y-%m-%d %H:%M:%f','now', 'localtime'), 'others');
INSERT INTO SERVICE(ID, OFFICE_ID, NAME, DATE_UPDATED, DATE_ADDED, STATUS) VALUES (686, 53, 'HelpDesk', strftime('%Y-%m-%d %H:%M:%f','now', 'localtime'), strftime('%Y-%m-%d %H:%M:%f','now', 'localtime'), 'others');
INSERT INTO SERVICE(ID, OFFICE_ID, NAME, DATE_UPDATED, DATE_ADDED, STATUS) VALUES (687, 53, 'IT storage', strftime('%Y-%m-%d %H:%M:%f','now', 'localtime'), strftime('%Y-%m-%d %H:%M:%f','now', 'localtime'), 'others');
INSERT INTO SERVICE(ID, OFFICE_ID, NAME, DATE_UPDATED, DATE_ADDED, STATUS) VALUES (688, 53, 'AV/VC standards', strftime('%Y-%m-%d %H:%M:%f','now', 'localtime'), strftime('%Y-%m-%d %H:%M:%f','now', 'localtime'), 'others');
INSERT INTO SERVICE(ID, OFFICE_ID, NAME, DATE_UPDATED, DATE_ADDED, STATUS) VALUES (689, 53, 'VC density (>75%)', strftime('%Y-%m-%d %H:%M:%f','now', 'localtime'), strftime('%Y-%m-%d %H:%M:%f','now', 'localtime'), 'others');

INSERT INTO SERVICE(ID, OFFICE_ID, NAME, DATE_UPDATED, DATE_ADDED, STATUS) VALUES (690, 54, 'network HW standard', strftime('%Y-%m-%d %H:%M:%f','now', 'localtime'), strftime('%Y-%m-%d %H:%M:%f','now', 'localtime'), 'others');
INSERT INTO SERVICE(ID, OFFICE_ID, NAME, DATE_UPDATED, DATE_ADDED, STATUS) VALUES (691, 54, 'IDF standard', strftime('%Y-%m-%d %H:%M:%f','now', 'localtime'), strftime('%Y-%m-%d %H:%M:%f','now', 'localtime'), 'others');
INSERT INTO SERVICE(ID, OFFICE_ID, NAME, DATE_UPDATED, DATE_ADDED, STATUS) VALUES (692, 54, 'network bandwith', strftime('%Y-%m-%d %H:%M:%f','now', 'localtime'), strftime('%Y-%m-%d %H:%M:%f','now', 'localtime'), 'others');
INSERT INTO SERVICE(ID, OFFICE_ID, NAME, DATE_UPDATED, DATE_ADDED, STATUS) VALUES (693, 54, 'IT catalog', strftime('%Y-%m-%d %H:%M:%f','now', 'localtime'), strftime('%Y-%m-%d %H:%M:%f','now', 'localtime'), 'others');
INSERT INTO SERVICE(ID, OFFICE_ID, NAME, DATE_UPDATED, DATE_ADDED, STATUS) VALUES (694, 54, 'Room tools', strftime('%Y-%m-%d %H:%M:%f','now', 'localtime'), strftime('%Y-%m-%d %H:%M:%f','now', 'localtime'), 'others');
INSERT INTO SERVICE(ID, OFFICE_ID, NAME, DATE_UPDATED, DATE_ADDED, STATUS) VALUES (695, 54, 'Insights wall', strftime('%Y-%m-%d %H:%M:%f','now', 'localtime'), strftime('%Y-%m-%d %H:%M:%f','now', 'localtime'), 'others');
INSERT INTO SERVICE(ID, OFFICE_ID, NAME, DATE_UPDATED, DATE_ADDED, STATUS) VALUES (696, 54, 'Write on Me Wall', strftime('%Y-%m-%d %H:%M:%f','now', 'localtime'), strftime('%Y-%m-%d %H:%M:%f','now', 'localtime'), 'others');
INSERT INTO SERVICE(ID, OFFICE_ID, NAME, DATE_UPDATED, DATE_ADDED, STATUS) VALUES (697, 54, 'Vending Machine', strftime('%Y-%m-%d %H:%M:%f','now', 'localtime'), strftime('%Y-%m-%d %H:%M:%f','now', 'localtime'), 'others');
INSERT INTO SERVICE(ID, OFFICE_ID, NAME, DATE_UPDATED, DATE_ADDED, STATUS) VALUES (698, 54, 'WayFinder', strftime('%Y-%m-%d %H:%M:%f','now', 'localtime'), strftime('%Y-%m-%d %H:%M:%f','now', 'localtime'), 'others');
INSERT INTO SERVICE(ID, OFFICE_ID, NAME, DATE_UPDATED, DATE_ADDED, STATUS) VALUES (699, 54, 'HelpDesk', strftime('%Y-%m-%d %H:%M:%f','now', 'localtime'), strftime('%Y-%m-%d %H:%M:%f','now', 'localtime'), 'others');
INSERT INTO SERVICE(ID, OFFICE_ID, NAME, DATE_UPDATED, DATE_ADDED, STATUS) VALUES (700, 54, 'IT storage', strftime('%Y-%m-%d %H:%M:%f','now', 'localtime'), strftime('%Y-%m-%d %H:%M:%f','now', 'localtime'), 'others');
INSERT INTO SERVICE(ID, OFFICE_ID, NAME, DATE_UPDATED, DATE_ADDED, STATUS) VALUES (701, 54, 'AV/VC standards', strftime('%Y-%m-%d %H:%M:%f','now', 'localtime'), strftime('%Y-%m-%d %H:%M:%f','now', 'localtime'), 'others');
INSERT INTO SERVICE(ID, OFFICE_ID, NAME, DATE_UPDATED, DATE_ADDED, STATUS) VALUES (702, 54, 'VC density (>75%)', strftime('%Y-%m-%d %H:%M:%f','now', 'localtime'), strftime('%Y-%m-%d %H:%M:%f','now', 'localtime'), 'others');
