INSERT INTO REGION(ID, NAME, DATE_UPDATED, DATE_ADDED) VALUES (1, 'LATAM', strftime('%Y-%m-%d %H:%M:%f','now', 'localtime'), strftime('%Y-%m-%d %H:%M:%f','now', 'localtime'));
INSERT INTO REGION(ID, NAME, DATE_UPDATED, DATE_ADDED) VALUES (2, 'EAST', strftime('%Y-%m-%d %H:%M:%f','now', 'localtime'), strftime('%Y-%m-%d %H:%M:%f','now', 'localtime'));

INSERT INTO OFFICE(ID, REGION_ID, NAME, DATE_UPDATED, DATE_ADDED) VALUES (1, 1, 'BUE', strftime('%Y-%m-%d %H:%M:%f','now', 'localtime'), strftime('%Y-%m-%d %H:%M:%f','now', 'localtime'));
INSERT INTO OFFICE(ID, REGION_ID, NAME, DATE_UPDATED, DATE_ADDED) VALUES (2, 1, 'SAO', strftime('%Y-%m-%d %H:%M:%f','now', 'localtime'), strftime('%Y-%m-%d %H:%M:%f','now', 'localtime'));
INSERT INTO OFFICE(ID, REGION_ID, NAME, DATE_UPDATED, DATE_ADDED) VALUES (3, 1, 'BRA', strftime('%Y-%m-%d %H:%M:%f','now', 'localtime'), strftime('%Y-%m-%d %H:%M:%f','now', 'localtime'));
INSERT INTO OFFICE(ID, REGION_ID, NAME, DATE_UPDATED, DATE_ADDED) VALUES (4, 1, 'MEX', strftime('%Y-%m-%d %H:%M:%f','now', 'localtime'), strftime('%Y-%m-%d %H:%M:%f','now', 'localtime'));
INSERT INTO OFFICE(ID, REGION_ID, NAME, DATE_UPDATED, DATE_ADDED) VALUES (5, 1, 'BOG', strftime('%Y-%m-%d %H:%M:%f','now', 'localtime'), strftime('%Y-%m-%d %H:%M:%f','now', 'localtime'));
INSERT INTO OFFICE(ID, REGION_ID, NAME, DATE_UPDATED, DATE_ADDED) VALUES (6, 1, 'MIA', strftime('%Y-%m-%d %H:%M:%f','now', 'localtime'), strftime('%Y-%m-%d %H:%M:%f','now', 'localtime'));
INSERT INTO OFFICE(ID, REGION_ID, NAME, DATE_UPDATED, DATE_ADDED) VALUES (7, 2, 'FRC', strftime('%Y-%m-%d %H:%M:%f','now', 'localtime'), strftime('%Y-%m-%d %H:%M:%f','now', 'localtime'));
INSERT INTO OFFICE(ID, REGION_ID, NAME, DATE_UPDATED, DATE_ADDED) VALUES (8, 2, 'ATN', strftime('%Y-%m-%d %H:%M:%f','now', 'localtime'), strftime('%Y-%m-%d %H:%M:%f','now', 'localtime'));
INSERT INTO OFFICE(ID, REGION_ID, NAME, DATE_UPDATED, DATE_ADDED) VALUES (9, 2, 'CHI', strftime('%Y-%m-%d %H:%M:%f','now', 'localtime'), strftime('%Y-%m-%d %H:%M:%f','now', 'localtime'));
INSERT INTO OFFICE(ID, REGION_ID, NAME, DATE_UPDATED, DATE_ADDED) VALUES (10, 2, 'BIR', strftime('%Y-%m-%d %H:%M:%f','now', 'localtime'), strftime('%Y-%m-%d %H:%M:%f','now', 'localtime'));


INSERT INTO SERVICE(ID, OFFICE_ID, NAME, DATE_UPDATED, DATE_ADDED, STATUS) VALUES (1, 1, 'service 1', strftime('%Y-%m-%d %H:%M:%f','now', 'localtime'), strftime('%Y-%m-%d %H:%M:%f','now', 'localtime'), 'others');
INSERT INTO SERVICE(ID, OFFICE_ID, NAME, DATE_UPDATED, DATE_ADDED, STATUS) VALUES (2, 1, 'service 2', strftime('%Y-%m-%d %H:%M:%f','now', 'localtime'), strftime('%Y-%m-%d %H:%M:%f','now', 'localtime'), 'others');
INSERT INTO SERVICE(ID, OFFICE_ID, NAME, DATE_UPDATED, DATE_ADDED, STATUS) VALUES (3, 1, 'service 3', strftime('%Y-%m-%d %H:%M:%f','now', 'localtime'), strftime('%Y-%m-%d %H:%M:%f','now', 'localtime'), 'others');
INSERT INTO SERVICE(ID, OFFICE_ID, NAME, DATE_UPDATED, DATE_ADDED, STATUS) VALUES (4, 1, 'service 4', strftime('%Y-%m-%d %H:%M:%f','now', 'localtime'), strftime('%Y-%m-%d %H:%M:%f','now', 'localtime'), 'others');
INSERT INTO SERVICE(ID, OFFICE_ID, NAME, DATE_UPDATED, DATE_ADDED, STATUS) VALUES (5, 1, 'service 5', strftime('%Y-%m-%d %H:%M:%f','now', 'localtime'), strftime('%Y-%m-%d %H:%M:%f','now', 'localtime'), 'others');
INSERT INTO SERVICE(ID, OFFICE_ID, NAME, DATE_UPDATED, DATE_ADDED, STATUS) VALUES (6, 1, 'service 6', strftime('%Y-%m-%d %H:%M:%f','now', 'localtime'), strftime('%Y-%m-%d %H:%M:%f','now', 'localtime'), 'others');
INSERT INTO SERVICE(ID, OFFICE_ID, NAME, DATE_UPDATED, DATE_ADDED, STATUS) VALUES (7, 1, 'service 7', strftime('%Y-%m-%d %H:%M:%f','now', 'localtime'), strftime('%Y-%m-%d %H:%M:%f','now', 'localtime'), 'others');
INSERT INTO SERVICE(ID, OFFICE_ID, NAME, DATE_UPDATED, DATE_ADDED, STATUS) VALUES (8, 1, 'service 8', strftime('%Y-%m-%d %H:%M:%f','now', 'localtime'), strftime('%Y-%m-%d %H:%M:%f','now', 'localtime'), 'others');
INSERT INTO SERVICE(ID, OFFICE_ID, NAME, DATE_UPDATED, DATE_ADDED, STATUS) VALUES (9, 1, 'service 9', strftime('%Y-%m-%d %H:%M:%f','now', 'localtime'), strftime('%Y-%m-%d %H:%M:%f','now', 'localtime'), 'others');
INSERT INTO SERVICE(ID, OFFICE_ID, NAME, DATE_UPDATED, DATE_ADDED, STATUS) VALUES (10, 1, 'service 10', strftime('%Y-%m-%d %H:%M:%f','now', 'localtime'), strftime('%Y-%m-%d %H:%M:%f','now', 'localtime'), 'others');
INSERT INTO SERVICE(ID, OFFICE_ID, NAME, DATE_UPDATED, DATE_ADDED, STATUS) VALUES (11, 1, 'service 11', strftime('%Y-%m-%d %H:%M:%f','now', 'localtime'), strftime('%Y-%m-%d %H:%M:%f','now', 'localtime'), 'others');
INSERT INTO SERVICE(ID, OFFICE_ID, NAME, DATE_UPDATED, DATE_ADDED, STATUS) VALUES (12, 1, 'service 12', strftime('%Y-%m-%d %H:%M:%f','now', 'localtime'), strftime('%Y-%m-%d %H:%M:%f','now', 'localtime'), 'others');
INSERT INTO SERVICE(ID, OFFICE_ID, NAME, DATE_UPDATED, DATE_ADDED, STATUS) VALUES (13, 1, 'service 13', strftime('%Y-%m-%d %H:%M:%f','now', 'localtime'), strftime('%Y-%m-%d %H:%M:%f','now', 'localtime'), 'others');

INSERT INTO SERVICE(ID, OFFICE_ID, NAME, DATE_UPDATED, DATE_ADDED, STATUS) VALUES (14, 2, 'service 1', strftime('%Y-%m-%d %H:%M:%f','now', 'localtime'), strftime('%Y-%m-%d %H:%M:%f','now', 'localtime'), 'others');
INSERT INTO SERVICE(ID, OFFICE_ID, NAME, DATE_UPDATED, DATE_ADDED, STATUS) VALUES (15, 2, 'service 2', strftime('%Y-%m-%d %H:%M:%f','now', 'localtime'), strftime('%Y-%m-%d %H:%M:%f','now', 'localtime'), 'others');
INSERT INTO SERVICE(ID, OFFICE_ID, NAME, DATE_UPDATED, DATE_ADDED, STATUS) VALUES (16, 2, 'service 3', strftime('%Y-%m-%d %H:%M:%f','now', 'localtime'), strftime('%Y-%m-%d %H:%M:%f','now', 'localtime'), 'others');
INSERT INTO SERVICE(ID, OFFICE_ID, NAME, DATE_UPDATED, DATE_ADDED, STATUS) VALUES (17, 2, 'service 4', strftime('%Y-%m-%d %H:%M:%f','now', 'localtime'), strftime('%Y-%m-%d %H:%M:%f','now', 'localtime'), 'others');
INSERT INTO SERVICE(ID, OFFICE_ID, NAME, DATE_UPDATED, DATE_ADDED, STATUS) VALUES (18, 2, 'service 5', strftime('%Y-%m-%d %H:%M:%f','now', 'localtime'), strftime('%Y-%m-%d %H:%M:%f','now', 'localtime'), 'others');
INSERT INTO SERVICE(ID, OFFICE_ID, NAME, DATE_UPDATED, DATE_ADDED, STATUS) VALUES (19, 2, 'service 6', strftime('%Y-%m-%d %H:%M:%f','now', 'localtime'), strftime('%Y-%m-%d %H:%M:%f','now', 'localtime'), 'others');
INSERT INTO SERVICE(ID, OFFICE_ID, NAME, DATE_UPDATED, DATE_ADDED, STATUS) VALUES (20, 2, 'service 7', strftime('%Y-%m-%d %H:%M:%f','now', 'localtime'), strftime('%Y-%m-%d %H:%M:%f','now', 'localtime'), 'others');
INSERT INTO SERVICE(ID, OFFICE_ID, NAME, DATE_UPDATED, DATE_ADDED, STATUS) VALUES (21, 2, 'service 8', strftime('%Y-%m-%d %H:%M:%f','now', 'localtime'), strftime('%Y-%m-%d %H:%M:%f','now', 'localtime'), 'others');
INSERT INTO SERVICE(ID, OFFICE_ID, NAME, DATE_UPDATED, DATE_ADDED, STATUS) VALUES (22, 2, 'service 9', strftime('%Y-%m-%d %H:%M:%f','now', 'localtime'), strftime('%Y-%m-%d %H:%M:%f','now', 'localtime'), 'others');
INSERT INTO SERVICE(ID, OFFICE_ID, NAME, DATE_UPDATED, DATE_ADDED, STATUS) VALUES (23, 2, 'service 10', strftime('%Y-%m-%d %H:%M:%f','now', 'localtime'), strftime('%Y-%m-%d %H:%M:%f','now', 'localtime'), 'others');
INSERT INTO SERVICE(ID, OFFICE_ID, NAME, DATE_UPDATED, DATE_ADDED, STATUS) VALUES (24, 2, 'service 11', strftime('%Y-%m-%d %H:%M:%f','now', 'localtime'), strftime('%Y-%m-%d %H:%M:%f','now', 'localtime'), 'others');
INSERT INTO SERVICE(ID, OFFICE_ID, NAME, DATE_UPDATED, DATE_ADDED, STATUS) VALUES (25, 2, 'service 12', strftime('%Y-%m-%d %H:%M:%f','now', 'localtime'), strftime('%Y-%m-%d %H:%M:%f','now', 'localtime'), 'others');
INSERT INTO SERVICE(ID, OFFICE_ID, NAME, DATE_UPDATED, DATE_ADDED, STATUS) VALUES (26, 2, 'service 13', strftime('%Y-%m-%d %H:%M:%f','now', 'localtime'), strftime('%Y-%m-%d %H:%M:%f','now', 'localtime'), 'others');

INSERT INTO SERVICE(ID, OFFICE_ID, NAME, DATE_UPDATED, DATE_ADDED, STATUS) VALUES (27, 3, 'service 1', strftime('%Y-%m-%d %H:%M:%f','now', 'localtime'), strftime('%Y-%m-%d %H:%M:%f','now', 'localtime'), 'others');
INSERT INTO SERVICE(ID, OFFICE_ID, NAME, DATE_UPDATED, DATE_ADDED, STATUS) VALUES (28, 3, 'service 2', strftime('%Y-%m-%d %H:%M:%f','now', 'localtime'), strftime('%Y-%m-%d %H:%M:%f','now', 'localtime'), 'others');
INSERT INTO SERVICE(ID, OFFICE_ID, NAME, DATE_UPDATED, DATE_ADDED, STATUS) VALUES (29, 3, 'service 3', strftime('%Y-%m-%d %H:%M:%f','now', 'localtime'), strftime('%Y-%m-%d %H:%M:%f','now', 'localtime'), 'others');
INSERT INTO SERVICE(ID, OFFICE_ID, NAME, DATE_UPDATED, DATE_ADDED, STATUS) VALUES (30, 3, 'service 4', strftime('%Y-%m-%d %H:%M:%f','now', 'localtime'), strftime('%Y-%m-%d %H:%M:%f','now', 'localtime'), 'others');
INSERT INTO SERVICE(ID, OFFICE_ID, NAME, DATE_UPDATED, DATE_ADDED, STATUS) VALUES (31, 3, 'service 5', strftime('%Y-%m-%d %H:%M:%f','now', 'localtime'), strftime('%Y-%m-%d %H:%M:%f','now', 'localtime'), 'others');
INSERT INTO SERVICE(ID, OFFICE_ID, NAME, DATE_UPDATED, DATE_ADDED, STATUS) VALUES (32, 3, 'service 6', strftime('%Y-%m-%d %H:%M:%f','now', 'localtime'), strftime('%Y-%m-%d %H:%M:%f','now', 'localtime'), 'others');
INSERT INTO SERVICE(ID, OFFICE_ID, NAME, DATE_UPDATED, DATE_ADDED, STATUS) VALUES (33, 3, 'service 7', strftime('%Y-%m-%d %H:%M:%f','now', 'localtime'), strftime('%Y-%m-%d %H:%M:%f','now', 'localtime'), 'others');
INSERT INTO SERVICE(ID, OFFICE_ID, NAME, DATE_UPDATED, DATE_ADDED, STATUS) VALUES (34, 3, 'service 8', strftime('%Y-%m-%d %H:%M:%f','now', 'localtime'), strftime('%Y-%m-%d %H:%M:%f','now', 'localtime'), 'others');
INSERT INTO SERVICE(ID, OFFICE_ID, NAME, DATE_UPDATED, DATE_ADDED, STATUS) VALUES (35, 3, 'service 9', strftime('%Y-%m-%d %H:%M:%f','now', 'localtime'), strftime('%Y-%m-%d %H:%M:%f','now', 'localtime'), 'others');
INSERT INTO SERVICE(ID, OFFICE_ID, NAME, DATE_UPDATED, DATE_ADDED, STATUS) VALUES (36, 3, 'service 10', strftime('%Y-%m-%d %H:%M:%f','now', 'localtime'), strftime('%Y-%m-%d %H:%M:%f','now', 'localtime'), 'others');
INSERT INTO SERVICE(ID, OFFICE_ID, NAME, DATE_UPDATED, DATE_ADDED, STATUS) VALUES (37, 3, 'service 11', strftime('%Y-%m-%d %H:%M:%f','now', 'localtime'), strftime('%Y-%m-%d %H:%M:%f','now', 'localtime'), 'others');
INSERT INTO SERVICE(ID, OFFICE_ID, NAME, DATE_UPDATED, DATE_ADDED, STATUS) VALUES (38, 3, 'service 12', strftime('%Y-%m-%d %H:%M:%f','now', 'localtime'), strftime('%Y-%m-%d %H:%M:%f','now', 'localtime'), 'others');
INSERT INTO SERVICE(ID, OFFICE_ID, NAME, DATE_UPDATED, DATE_ADDED, STATUS) VALUES (39, 3, 'service 13', strftime('%Y-%m-%d %H:%M:%f','now', 'localtime'), strftime('%Y-%m-%d %H:%M:%f','now', 'localtime'), 'others');

INSERT INTO SERVICE(ID, OFFICE_ID, NAME, DATE_UPDATED, DATE_ADDED, STATUS) VALUES (40, 4, 'service 1', strftime('%Y-%m-%d %H:%M:%f','now', 'localtime'), strftime('%Y-%m-%d %H:%M:%f','now', 'localtime'), 'others');
INSERT INTO SERVICE(ID, OFFICE_ID, NAME, DATE_UPDATED, DATE_ADDED, STATUS) VALUES (41, 4, 'service 2', strftime('%Y-%m-%d %H:%M:%f','now', 'localtime'), strftime('%Y-%m-%d %H:%M:%f','now', 'localtime'), 'others');
INSERT INTO SERVICE(ID, OFFICE_ID, NAME, DATE_UPDATED, DATE_ADDED, STATUS) VALUES (42, 4, 'service 3', strftime('%Y-%m-%d %H:%M:%f','now', 'localtime'), strftime('%Y-%m-%d %H:%M:%f','now', 'localtime'), 'others');
INSERT INTO SERVICE(ID, OFFICE_ID, NAME, DATE_UPDATED, DATE_ADDED, STATUS) VALUES (43, 4, 'service 4', strftime('%Y-%m-%d %H:%M:%f','now', 'localtime'), strftime('%Y-%m-%d %H:%M:%f','now', 'localtime'), 'others');
INSERT INTO SERVICE(ID, OFFICE_ID, NAME, DATE_UPDATED, DATE_ADDED, STATUS) VALUES (44, 4, 'service 5', strftime('%Y-%m-%d %H:%M:%f','now', 'localtime'), strftime('%Y-%m-%d %H:%M:%f','now', 'localtime'), 'others');
INSERT INTO SERVICE(ID, OFFICE_ID, NAME, DATE_UPDATED, DATE_ADDED, STATUS) VALUES (45, 4, 'service 6', strftime('%Y-%m-%d %H:%M:%f','now', 'localtime'), strftime('%Y-%m-%d %H:%M:%f','now', 'localtime'), 'others');
INSERT INTO SERVICE(ID, OFFICE_ID, NAME, DATE_UPDATED, DATE_ADDED, STATUS) VALUES (46, 4, 'service 7', strftime('%Y-%m-%d %H:%M:%f','now', 'localtime'), strftime('%Y-%m-%d %H:%M:%f','now', 'localtime'), 'others');
INSERT INTO SERVICE(ID, OFFICE_ID, NAME, DATE_UPDATED, DATE_ADDED, STATUS) VALUES (47, 4, 'service 8', strftime('%Y-%m-%d %H:%M:%f','now', 'localtime'), strftime('%Y-%m-%d %H:%M:%f','now', 'localtime'), 'others');
INSERT INTO SERVICE(ID, OFFICE_ID, NAME, DATE_UPDATED, DATE_ADDED, STATUS) VALUES (48, 4, 'service 9', strftime('%Y-%m-%d %H:%M:%f','now', 'localtime'), strftime('%Y-%m-%d %H:%M:%f','now', 'localtime'), 'others');
INSERT INTO SERVICE(ID, OFFICE_ID, NAME, DATE_UPDATED, DATE_ADDED, STATUS) VALUES (49, 4, 'service 10', strftime('%Y-%m-%d %H:%M:%f','now', 'localtime'), strftime('%Y-%m-%d %H:%M:%f','now', 'localtime'), 'others');
INSERT INTO SERVICE(ID, OFFICE_ID, NAME, DATE_UPDATED, DATE_ADDED, STATUS) VALUES (50, 4, 'service 11', strftime('%Y-%m-%d %H:%M:%f','now', 'localtime'), strftime('%Y-%m-%d %H:%M:%f','now', 'localtime'), 'others');
INSERT INTO SERVICE(ID, OFFICE_ID, NAME, DATE_UPDATED, DATE_ADDED, STATUS) VALUES (51, 4, 'service 12', strftime('%Y-%m-%d %H:%M:%f','now', 'localtime'), strftime('%Y-%m-%d %H:%M:%f','now', 'localtime'), 'others');
INSERT INTO SERVICE(ID, OFFICE_ID, NAME, DATE_UPDATED, DATE_ADDED, STATUS) VALUES (52, 4, 'service 13', strftime('%Y-%m-%d %H:%M:%f','now', 'localtime'), strftime('%Y-%m-%d %H:%M:%f','now', 'localtime'), 'others');

INSERT INTO SERVICE(ID, OFFICE_ID, NAME, DATE_UPDATED, DATE_ADDED, STATUS) VALUES (53, 5, 'service 1', strftime('%Y-%m-%d %H:%M:%f','now', 'localtime'), strftime('%Y-%m-%d %H:%M:%f','now', 'localtime'), 'others');
INSERT INTO SERVICE(ID, OFFICE_ID, NAME, DATE_UPDATED, DATE_ADDED, STATUS) VALUES (54, 5, 'service 2', strftime('%Y-%m-%d %H:%M:%f','now', 'localtime'), strftime('%Y-%m-%d %H:%M:%f','now', 'localtime'), 'others');
INSERT INTO SERVICE(ID, OFFICE_ID, NAME, DATE_UPDATED, DATE_ADDED, STATUS) VALUES (55, 5, 'service 3', strftime('%Y-%m-%d %H:%M:%f','now', 'localtime'), strftime('%Y-%m-%d %H:%M:%f','now', 'localtime'), 'others');
INSERT INTO SERVICE(ID, OFFICE_ID, NAME, DATE_UPDATED, DATE_ADDED, STATUS) VALUES (56, 5, 'service 4', strftime('%Y-%m-%d %H:%M:%f','now', 'localtime'), strftime('%Y-%m-%d %H:%M:%f','now', 'localtime'), 'others');
INSERT INTO SERVICE(ID, OFFICE_ID, NAME, DATE_UPDATED, DATE_ADDED, STATUS) VALUES (57, 5, 'service 5', strftime('%Y-%m-%d %H:%M:%f','now', 'localtime'), strftime('%Y-%m-%d %H:%M:%f','now', 'localtime'), 'others');
INSERT INTO SERVICE(ID, OFFICE_ID, NAME, DATE_UPDATED, DATE_ADDED, STATUS) VALUES (58, 5, 'service 6', strftime('%Y-%m-%d %H:%M:%f','now', 'localtime'), strftime('%Y-%m-%d %H:%M:%f','now', 'localtime'), 'others');
INSERT INTO SERVICE(ID, OFFICE_ID, NAME, DATE_UPDATED, DATE_ADDED, STATUS) VALUES (59, 5, 'service 7', strftime('%Y-%m-%d %H:%M:%f','now', 'localtime'), strftime('%Y-%m-%d %H:%M:%f','now', 'localtime'), 'others');
INSERT INTO SERVICE(ID, OFFICE_ID, NAME, DATE_UPDATED, DATE_ADDED, STATUS) VALUES (60, 5, 'service 8', strftime('%Y-%m-%d %H:%M:%f','now', 'localtime'), strftime('%Y-%m-%d %H:%M:%f','now', 'localtime'), 'others');
INSERT INTO SERVICE(ID, OFFICE_ID, NAME, DATE_UPDATED, DATE_ADDED, STATUS) VALUES (61, 5, 'service 9', strftime('%Y-%m-%d %H:%M:%f','now', 'localtime'), strftime('%Y-%m-%d %H:%M:%f','now', 'localtime'), 'others');
INSERT INTO SERVICE(ID, OFFICE_ID, NAME, DATE_UPDATED, DATE_ADDED, STATUS) VALUES (62, 5, 'service 10', strftime('%Y-%m-%d %H:%M:%f','now', 'localtime'), strftime('%Y-%m-%d %H:%M:%f','now', 'localtime'), 'others');
INSERT INTO SERVICE(ID, OFFICE_ID, NAME, DATE_UPDATED, DATE_ADDED, STATUS) VALUES (63, 5, 'service 11', strftime('%Y-%m-%d %H:%M:%f','now', 'localtime'), strftime('%Y-%m-%d %H:%M:%f','now', 'localtime'), 'others');
INSERT INTO SERVICE(ID, OFFICE_ID, NAME, DATE_UPDATED, DATE_ADDED, STATUS) VALUES (64, 5, 'service 12', strftime('%Y-%m-%d %H:%M:%f','now', 'localtime'), strftime('%Y-%m-%d %H:%M:%f','now', 'localtime'), 'others');
INSERT INTO SERVICE(ID, OFFICE_ID, NAME, DATE_UPDATED, DATE_ADDED, STATUS) VALUES (65, 5, 'service 13', strftime('%Y-%m-%d %H:%M:%f','now', 'localtime'), strftime('%Y-%m-%d %H:%M:%f','now', 'localtime'), 'others');

INSERT INTO SERVICE(ID, OFFICE_ID, NAME, DATE_UPDATED, DATE_ADDED, STATUS) VALUES (66, 6, 'service 1', strftime('%Y-%m-%d %H:%M:%f','now', 'localtime'), strftime('%Y-%m-%d %H:%M:%f','now', 'localtime'), 'others');
INSERT INTO SERVICE(ID, OFFICE_ID, NAME, DATE_UPDATED, DATE_ADDED, STATUS) VALUES (67, 6, 'service 2', strftime('%Y-%m-%d %H:%M:%f','now', 'localtime'), strftime('%Y-%m-%d %H:%M:%f','now', 'localtime'), 'others');
INSERT INTO SERVICE(ID, OFFICE_ID, NAME, DATE_UPDATED, DATE_ADDED, STATUS) VALUES (68, 6, 'service 3', strftime('%Y-%m-%d %H:%M:%f','now', 'localtime'), strftime('%Y-%m-%d %H:%M:%f','now', 'localtime'), 'others');
INSERT INTO SERVICE(ID, OFFICE_ID, NAME, DATE_UPDATED, DATE_ADDED, STATUS) VALUES (69, 6, 'service 4', strftime('%Y-%m-%d %H:%M:%f','now', 'localtime'), strftime('%Y-%m-%d %H:%M:%f','now', 'localtime'), 'others');
INSERT INTO SERVICE(ID, OFFICE_ID, NAME, DATE_UPDATED, DATE_ADDED, STATUS) VALUES (70, 6, 'service 5', strftime('%Y-%m-%d %H:%M:%f','now', 'localtime'), strftime('%Y-%m-%d %H:%M:%f','now', 'localtime'), 'others');
INSERT INTO SERVICE(ID, OFFICE_ID, NAME, DATE_UPDATED, DATE_ADDED, STATUS) VALUES (71, 6, 'service 6', strftime('%Y-%m-%d %H:%M:%f','now', 'localtime'), strftime('%Y-%m-%d %H:%M:%f','now', 'localtime'), 'others');
INSERT INTO SERVICE(ID, OFFICE_ID, NAME, DATE_UPDATED, DATE_ADDED, STATUS) VALUES (72, 6, 'service 7', strftime('%Y-%m-%d %H:%M:%f','now', 'localtime'), strftime('%Y-%m-%d %H:%M:%f','now', 'localtime'), 'others');
INSERT INTO SERVICE(ID, OFFICE_ID, NAME, DATE_UPDATED, DATE_ADDED, STATUS) VALUES (73, 6, 'service 8', strftime('%Y-%m-%d %H:%M:%f','now', 'localtime'), strftime('%Y-%m-%d %H:%M:%f','now', 'localtime'), 'others');
INSERT INTO SERVICE(ID, OFFICE_ID, NAME, DATE_UPDATED, DATE_ADDED, STATUS) VALUES (74, 6, 'service 9', strftime('%Y-%m-%d %H:%M:%f','now', 'localtime'), strftime('%Y-%m-%d %H:%M:%f','now', 'localtime'), 'others');
INSERT INTO SERVICE(ID, OFFICE_ID, NAME, DATE_UPDATED, DATE_ADDED, STATUS) VALUES (75, 6, 'service 10', strftime('%Y-%m-%d %H:%M:%f','now', 'localtime'), strftime('%Y-%m-%d %H:%M:%f','now', 'localtime'), 'others');
INSERT INTO SERVICE(ID, OFFICE_ID, NAME, DATE_UPDATED, DATE_ADDED, STATUS) VALUES (76, 6, 'service 11', strftime('%Y-%m-%d %H:%M:%f','now', 'localtime'), strftime('%Y-%m-%d %H:%M:%f','now', 'localtime'), 'others');
INSERT INTO SERVICE(ID, OFFICE_ID, NAME, DATE_UPDATED, DATE_ADDED, STATUS) VALUES (78, 6, 'service 12', strftime('%Y-%m-%d %H:%M:%f','now', 'localtime'), strftime('%Y-%m-%d %H:%M:%f','now', 'localtime'), 'others');
INSERT INTO SERVICE(ID, OFFICE_ID, NAME, DATE_UPDATED, DATE_ADDED, STATUS) VALUES (79, 6, 'service 13', strftime('%Y-%m-%d %H:%M:%f','now', 'localtime'), strftime('%Y-%m-%d %H:%M:%f','now', 'localtime'), 'others');

INSERT INTO SERVICE(ID, OFFICE_ID, NAME, DATE_UPDATED, DATE_ADDED, STATUS) VALUES (80, 7, 'service 1', strftime('%Y-%m-%d %H:%M:%f','now', 'localtime'), strftime('%Y-%m-%d %H:%M:%f','now', 'localtime'), 'others');
INSERT INTO SERVICE(ID, OFFICE_ID, NAME, DATE_UPDATED, DATE_ADDED, STATUS) VALUES (81, 7, 'service 2', strftime('%Y-%m-%d %H:%M:%f','now', 'localtime'), strftime('%Y-%m-%d %H:%M:%f','now', 'localtime'), 'others');
INSERT INTO SERVICE(ID, OFFICE_ID, NAME, DATE_UPDATED, DATE_ADDED, STATUS) VALUES (82, 7, 'service 3', strftime('%Y-%m-%d %H:%M:%f','now', 'localtime'), strftime('%Y-%m-%d %H:%M:%f','now', 'localtime'), 'others');
INSERT INTO SERVICE(ID, OFFICE_ID, NAME, DATE_UPDATED, DATE_ADDED, STATUS) VALUES (83, 7, 'service 4', strftime('%Y-%m-%d %H:%M:%f','now', 'localtime'), strftime('%Y-%m-%d %H:%M:%f','now', 'localtime'), 'others');
INSERT INTO SERVICE(ID, OFFICE_ID, NAME, DATE_UPDATED, DATE_ADDED, STATUS) VALUES (84, 7, 'service 5', strftime('%Y-%m-%d %H:%M:%f','now', 'localtime'), strftime('%Y-%m-%d %H:%M:%f','now', 'localtime'), 'others');
INSERT INTO SERVICE(ID, OFFICE_ID, NAME, DATE_UPDATED, DATE_ADDED, STATUS) VALUES (85, 7, 'service 6', strftime('%Y-%m-%d %H:%M:%f','now', 'localtime'), strftime('%Y-%m-%d %H:%M:%f','now', 'localtime'), 'others');
INSERT INTO SERVICE(ID, OFFICE_ID, NAME, DATE_UPDATED, DATE_ADDED, STATUS) VALUES (86, 7, 'service 7', strftime('%Y-%m-%d %H:%M:%f','now', 'localtime'), strftime('%Y-%m-%d %H:%M:%f','now', 'localtime'), 'others');
INSERT INTO SERVICE(ID, OFFICE_ID, NAME, DATE_UPDATED, DATE_ADDED, STATUS) VALUES (87, 7, 'service 8', strftime('%Y-%m-%d %H:%M:%f','now', 'localtime'), strftime('%Y-%m-%d %H:%M:%f','now', 'localtime'), 'others');
INSERT INTO SERVICE(ID, OFFICE_ID, NAME, DATE_UPDATED, DATE_ADDED, STATUS) VALUES (88, 7, 'service 9', strftime('%Y-%m-%d %H:%M:%f','now', 'localtime'), strftime('%Y-%m-%d %H:%M:%f','now', 'localtime'), 'others');
INSERT INTO SERVICE(ID, OFFICE_ID, NAME, DATE_UPDATED, DATE_ADDED, STATUS) VALUES (89, 7, 'service 10', strftime('%Y-%m-%d %H:%M:%f','now', 'localtime'), strftime('%Y-%m-%d %H:%M:%f','now', 'localtime'), 'others');
INSERT INTO SERVICE(ID, OFFICE_ID, NAME, DATE_UPDATED, DATE_ADDED, STATUS) VALUES (90, 7, 'service 11', strftime('%Y-%m-%d %H:%M:%f','now', 'localtime'), strftime('%Y-%m-%d %H:%M:%f','now', 'localtime'), 'others');
INSERT INTO SERVICE(ID, OFFICE_ID, NAME, DATE_UPDATED, DATE_ADDED, STATUS) VALUES (91, 7, 'service 12', strftime('%Y-%m-%d %H:%M:%f','now', 'localtime'), strftime('%Y-%m-%d %H:%M:%f','now', 'localtime'), 'others');
INSERT INTO SERVICE(ID, OFFICE_ID, NAME, DATE_UPDATED, DATE_ADDED, STATUS) VALUES (92, 7, 'service 13', strftime('%Y-%m-%d %H:%M:%f','now', 'localtime'), strftime('%Y-%m-%d %H:%M:%f','now', 'localtime'), 'others');

INSERT INTO SERVICE(ID, OFFICE_ID, NAME, DATE_UPDATED, DATE_ADDED, STATUS) VALUES (93, 8, 'service 1', strftime('%Y-%m-%d %H:%M:%f','now', 'localtime'), strftime('%Y-%m-%d %H:%M:%f','now', 'localtime'), 'others');
INSERT INTO SERVICE(ID, OFFICE_ID, NAME, DATE_UPDATED, DATE_ADDED, STATUS) VALUES (94, 8, 'service 2', strftime('%Y-%m-%d %H:%M:%f','now', 'localtime'), strftime('%Y-%m-%d %H:%M:%f','now', 'localtime'), 'others');
INSERT INTO SERVICE(ID, OFFICE_ID, NAME, DATE_UPDATED, DATE_ADDED, STATUS) VALUES (95, 8, 'service 3', strftime('%Y-%m-%d %H:%M:%f','now', 'localtime'), strftime('%Y-%m-%d %H:%M:%f','now', 'localtime'), 'others');
INSERT INTO SERVICE(ID, OFFICE_ID, NAME, DATE_UPDATED, DATE_ADDED, STATUS) VALUES (96, 8, 'service 4', strftime('%Y-%m-%d %H:%M:%f','now', 'localtime'), strftime('%Y-%m-%d %H:%M:%f','now', 'localtime'), 'others');
INSERT INTO SERVICE(ID, OFFICE_ID, NAME, DATE_UPDATED, DATE_ADDED, STATUS) VALUES (97, 8, 'service 5', strftime('%Y-%m-%d %H:%M:%f','now', 'localtime'), strftime('%Y-%m-%d %H:%M:%f','now', 'localtime'), 'others');
INSERT INTO SERVICE(ID, OFFICE_ID, NAME, DATE_UPDATED, DATE_ADDED, STATUS) VALUES (98, 8, 'service 6', strftime('%Y-%m-%d %H:%M:%f','now', 'localtime'), strftime('%Y-%m-%d %H:%M:%f','now', 'localtime'), 'others');
INSERT INTO SERVICE(ID, OFFICE_ID, NAME, DATE_UPDATED, DATE_ADDED, STATUS) VALUES (99, 8, 'service 7', strftime('%Y-%m-%d %H:%M:%f','now', 'localtime'), strftime('%Y-%m-%d %H:%M:%f','now', 'localtime'), 'others');
INSERT INTO SERVICE(ID, OFFICE_ID, NAME, DATE_UPDATED, DATE_ADDED, STATUS) VALUES (100, 8, 'service 8', strftime('%Y-%m-%d %H:%M:%f','now', 'localtime'), strftime('%Y-%m-%d %H:%M:%f','now', 'localtime'), 'others');
INSERT INTO SERVICE(ID, OFFICE_ID, NAME, DATE_UPDATED, DATE_ADDED, STATUS) VALUES (101, 8, 'service 9', strftime('%Y-%m-%d %H:%M:%f','now', 'localtime'), strftime('%Y-%m-%d %H:%M:%f','now', 'localtime'), 'others');
INSERT INTO SERVICE(ID, OFFICE_ID, NAME, DATE_UPDATED, DATE_ADDED, STATUS) VALUES (102, 8, 'service 10', strftime('%Y-%m-%d %H:%M:%f','now', 'localtime'), strftime('%Y-%m-%d %H:%M:%f','now', 'localtime'), 'others');
INSERT INTO SERVICE(ID, OFFICE_ID, NAME, DATE_UPDATED, DATE_ADDED, STATUS) VALUES (103, 8, 'service 11', strftime('%Y-%m-%d %H:%M:%f','now', 'localtime'), strftime('%Y-%m-%d %H:%M:%f','now', 'localtime'), 'others');
INSERT INTO SERVICE(ID, OFFICE_ID, NAME, DATE_UPDATED, DATE_ADDED, STATUS) VALUES (104, 8, 'service 12', strftime('%Y-%m-%d %H:%M:%f','now', 'localtime'), strftime('%Y-%m-%d %H:%M:%f','now', 'localtime'), 'others');
INSERT INTO SERVICE(ID, OFFICE_ID, NAME, DATE_UPDATED, DATE_ADDED, STATUS) VALUES (105, 8, 'service 13', strftime('%Y-%m-%d %H:%M:%f','now', 'localtime'), strftime('%Y-%m-%d %H:%M:%f','now', 'localtime'), 'others');

INSERT INTO SERVICE(ID, OFFICE_ID, NAME, DATE_UPDATED, DATE_ADDED, STATUS) VALUES (106, 9, 'service 1', strftime('%Y-%m-%d %H:%M:%f','now', 'localtime'), strftime('%Y-%m-%d %H:%M:%f','now', 'localtime'), 'others');
INSERT INTO SERVICE(ID, OFFICE_ID, NAME, DATE_UPDATED, DATE_ADDED, STATUS) VALUES (107, 9, 'service 2', strftime('%Y-%m-%d %H:%M:%f','now', 'localtime'), strftime('%Y-%m-%d %H:%M:%f','now', 'localtime'), 'others');
INSERT INTO SERVICE(ID, OFFICE_ID, NAME, DATE_UPDATED, DATE_ADDED, STATUS) VALUES (108, 9, 'service 3', strftime('%Y-%m-%d %H:%M:%f','now', 'localtime'), strftime('%Y-%m-%d %H:%M:%f','now', 'localtime'), 'others');
INSERT INTO SERVICE(ID, OFFICE_ID, NAME, DATE_UPDATED, DATE_ADDED, STATUS) VALUES (109, 9, 'service 4', strftime('%Y-%m-%d %H:%M:%f','now', 'localtime'), strftime('%Y-%m-%d %H:%M:%f','now', 'localtime'), 'others');
INSERT INTO SERVICE(ID, OFFICE_ID, NAME, DATE_UPDATED, DATE_ADDED, STATUS) VALUES (110, 9, 'service 5', strftime('%Y-%m-%d %H:%M:%f','now', 'localtime'), strftime('%Y-%m-%d %H:%M:%f','now', 'localtime'), 'others');
INSERT INTO SERVICE(ID, OFFICE_ID, NAME, DATE_UPDATED, DATE_ADDED, STATUS) VALUES (111, 9, 'service 6', strftime('%Y-%m-%d %H:%M:%f','now', 'localtime'), strftime('%Y-%m-%d %H:%M:%f','now', 'localtime'), 'others');
INSERT INTO SERVICE(ID, OFFICE_ID, NAME, DATE_UPDATED, DATE_ADDED, STATUS) VALUES (112, 9, 'service 7', strftime('%Y-%m-%d %H:%M:%f','now', 'localtime'), strftime('%Y-%m-%d %H:%M:%f','now', 'localtime'), 'others');
INSERT INTO SERVICE(ID, OFFICE_ID, NAME, DATE_UPDATED, DATE_ADDED, STATUS) VALUES (113, 9, 'service 8', strftime('%Y-%m-%d %H:%M:%f','now', 'localtime'), strftime('%Y-%m-%d %H:%M:%f','now', 'localtime'), 'others');
INSERT INTO SERVICE(ID, OFFICE_ID, NAME, DATE_UPDATED, DATE_ADDED, STATUS) VALUES (114, 9, 'service 9', strftime('%Y-%m-%d %H:%M:%f','now', 'localtime'), strftime('%Y-%m-%d %H:%M:%f','now', 'localtime'), 'others');
INSERT INTO SERVICE(ID, OFFICE_ID, NAME, DATE_UPDATED, DATE_ADDED, STATUS) VALUES (115, 9, 'service 10', strftime('%Y-%m-%d %H:%M:%f','now', 'localtime'), strftime('%Y-%m-%d %H:%M:%f','now', 'localtime'), 'others');
INSERT INTO SERVICE(ID, OFFICE_ID, NAME, DATE_UPDATED, DATE_ADDED, STATUS) VALUES (116, 9, 'service 11', strftime('%Y-%m-%d %H:%M:%f','now', 'localtime'), strftime('%Y-%m-%d %H:%M:%f','now', 'localtime'), 'others');
INSERT INTO SERVICE(ID, OFFICE_ID, NAME, DATE_UPDATED, DATE_ADDED, STATUS) VALUES (117, 9, 'service 12', strftime('%Y-%m-%d %H:%M:%f','now', 'localtime'), strftime('%Y-%m-%d %H:%M:%f','now', 'localtime'), 'others');
INSERT INTO SERVICE(ID, OFFICE_ID, NAME, DATE_UPDATED, DATE_ADDED, STATUS) VALUES (118, 9, 'service 13', strftime('%Y-%m-%d %H:%M:%f','now', 'localtime'), strftime('%Y-%m-%d %H:%M:%f','now', 'localtime'), 'others');

INSERT INTO SERVICE(ID, OFFICE_ID, NAME, DATE_UPDATED, DATE_ADDED, STATUS) VALUES (119, 10, 'service 1', strftime('%Y-%m-%d %H:%M:%f','now', 'localtime'), strftime('%Y-%m-%d %H:%M:%f','now', 'localtime'), 'others');
INSERT INTO SERVICE(ID, OFFICE_ID, NAME, DATE_UPDATED, DATE_ADDED, STATUS) VALUES (120, 10, 'service 2', strftime('%Y-%m-%d %H:%M:%f','now', 'localtime'), strftime('%Y-%m-%d %H:%M:%f','now', 'localtime'), 'others');
INSERT INTO SERVICE(ID, OFFICE_ID, NAME, DATE_UPDATED, DATE_ADDED, STATUS) VALUES (121, 10, 'service 3', strftime('%Y-%m-%d %H:%M:%f','now', 'localtime'), strftime('%Y-%m-%d %H:%M:%f','now', 'localtime'), 'others');
INSERT INTO SERVICE(ID, OFFICE_ID, NAME, DATE_UPDATED, DATE_ADDED, STATUS) VALUES (122, 10, 'service 4', strftime('%Y-%m-%d %H:%M:%f','now', 'localtime'), strftime('%Y-%m-%d %H:%M:%f','now', 'localtime'), 'others');
INSERT INTO SERVICE(ID, OFFICE_ID, NAME, DATE_UPDATED, DATE_ADDED, STATUS) VALUES (123, 10, 'service 5', strftime('%Y-%m-%d %H:%M:%f','now', 'localtime'), strftime('%Y-%m-%d %H:%M:%f','now', 'localtime'), 'others');
INSERT INTO SERVICE(ID, OFFICE_ID, NAME, DATE_UPDATED, DATE_ADDED, STATUS) VALUES (124, 10, 'service 6', strftime('%Y-%m-%d %H:%M:%f','now', 'localtime'), strftime('%Y-%m-%d %H:%M:%f','now', 'localtime'), 'others');
INSERT INTO SERVICE(ID, OFFICE_ID, NAME, DATE_UPDATED, DATE_ADDED, STATUS) VALUES (125, 10, 'service 7', strftime('%Y-%m-%d %H:%M:%f','now', 'localtime'), strftime('%Y-%m-%d %H:%M:%f','now', 'localtime'), 'others');
INSERT INTO SERVICE(ID, OFFICE_ID, NAME, DATE_UPDATED, DATE_ADDED, STATUS) VALUES (126, 10, 'service 8', strftime('%Y-%m-%d %H:%M:%f','now', 'localtime'), strftime('%Y-%m-%d %H:%M:%f','now', 'localtime'), 'others');
INSERT INTO SERVICE(ID, OFFICE_ID, NAME, DATE_UPDATED, DATE_ADDED, STATUS) VALUES (127, 10, 'service 9', strftime('%Y-%m-%d %H:%M:%f','now', 'localtime'), strftime('%Y-%m-%d %H:%M:%f','now', 'localtime'), 'others');
INSERT INTO SERVICE(ID, OFFICE_ID, NAME, DATE_UPDATED, DATE_ADDED, STATUS) VALUES (128, 10, 'service 10', strftime('%Y-%m-%d %H:%M:%f','now', 'localtime'), strftime('%Y-%m-%d %H:%M:%f','now', 'localtime'), 'others');
INSERT INTO SERVICE(ID, OFFICE_ID, NAME, DATE_UPDATED, DATE_ADDED, STATUS) VALUES (129, 10, 'service 11', strftime('%Y-%m-%d %H:%M:%f','now', 'localtime'), strftime('%Y-%m-%d %H:%M:%f','now', 'localtime'), 'others');
INSERT INTO SERVICE(ID, OFFICE_ID, NAME, DATE_UPDATED, DATE_ADDED, STATUS) VALUES (130, 10, 'service 12', strftime('%Y-%m-%d %H:%M:%f','now', 'localtime'), strftime('%Y-%m-%d %H:%M:%f','now', 'localtime'), 'others');
INSERT INTO SERVICE(ID, OFFICE_ID, NAME, DATE_UPDATED, DATE_ADDED, STATUS) VALUES (131, 10, 'service 13', strftime('%Y-%m-%d %H:%M:%f','now', 'localtime'), strftime('%Y-%m-%d %H:%M:%f','now', 'localtime'), 'others');
